address,score,rank,relativeScore,daos,proposals,votes,isSmartContract,isActive_in_Daos,list_no
0x5e23d08324f017d5425e59a2782c9ae27ace0958,361.63,1,100.0,1,1595,0,No,True,1
0xd9293636ee3aa663fc563adb0912b0705dafb62c,325.84,2,100.0,128,12,3860,No,True,1
0x40938d09b4a2a40b6538f7a8f77fc1971f8cef54,254.22,3,100.0,6,652,0,No,False,1
0xd03ad690ed8065edfdc1e08197a3ebc71535a7ff,171.33,6,100.0,120,0,1691,No,True,1
0x88f659b4b6d5614b991c6404b34f821e10390ec0,172.37,5,100.0,75,1,1321,No,True,1
0x724061efdfef4a421e8be05133ad24922d07b5bf,160.94,8,100.0,2,487,1,No,True,1
0x8eef779818afa953b0652e45438423ebe089f55a,154.28,9,100.0,93,18,1403,No,True,1
0xe15528f5a49f099aaa24fe82ca99836d4a418f1a,147.13,11,100.0,1,858,0,Yes,True,1
0xc0882631627786eea84a851f66cdd1c0a070ea28,162.02,7,100.0,41,0,989,No,True,1
0x4d477f1aabcfc2fc3fc9b802e861c013e0123ad9,144.1,13,100.0,112,8,1446,No,True,1
0x38daea6f17e4308b0da9647db9ca6d84a3a7e195,144.95,12,100.0,104,1,1453,No,True,1
0x413a9c69df59288ef9a7ebe78a2033dd2f3e1af3,127.77,19,100.0,44,0,1228,No,True,1
0xa8c4e3ce1743d0f2a6c227548c982a7c40569940,127.33,20,100.0,85,0,1332,No,True,1
0xbb7b59afa3a0e5be143b8fe9c641f00c1ecb9d69,142.14,14,100.0,1,334,0,No,True,1
0xc9a25adcf11fc7e6fc8d419f4d4c861b8d57ef37,132.93,15,100.0,1,327,0,No,False,1
0xc54a6c3778016b06cbd126ccc3b5bc06c5f666fb,131.73,16,100.0,53,2,1371,No,True,1
0x24749aedf18208ab74a8110e07e820286bb5acf8,123.79,23,100.0,73,1,1008,No,True,1
0x06c4865ab16c9c760622f19a313a2e637e2e66a2,128.25,17,100.0,60,0,1365,No,True,1
0xab7b49bacd43bd4cfa41433d477f690bb9e1fb26,125.65,22,100.0,103,1,1069,No,True,1
0x896002e29fe4cda28a3ae139b0bf7bac26b33a8c,121.06,25,100.0,70,13,1217,No,True,1
0x76e4f864bbeb60bee66ff5bbcd32decaf7fbde71,121.76,24,100.0,82,0,1084,No,True,1
0x2ea5e9e452f85f55be47504153f25740a5f3d78a,126.82,21,100.0,87,0,1133,No,True,1
0xfa93c9a95727268b88ff77b5396ed3b8b59a1ba1,115.28,26,100.0,37,0,974,No,True,1
0xab888291f4127352b655fd476f64ac2ebfb8fe76,114.68,27,100.0,94,0,964,No,True,1
0x1ccb144b700ec726d37db38c617e154de6d9c0d0,108.44,30,100.0,109,0,1226,No,True,1
0x48b576c87e788a762d6f95a456f2a39113b46950,108.22,32,100.0,83,0,1150,No,True,1
0xf4a2a0015292d23ac8018f0252764c5cb296e434,108.27,31,100.0,50,4,837,No,True,1
0xb9b93bf2db3678b010e71ef701d763aee144e93e,107.06,33,100.0,114,1,1190,No,True,1
0x3f5d2058971dfd0103e3bf5e423620b5a42db357,109.25,29,100.0,65,2,1019,No,True,1
0x01fede4bb0f06ca47735be98b7a083a60c087a7d,102.49,40,100.0,32,0,846,No,True,1
0x5566b3e5fc300a1b28c214b49a5950c34d00eb33,102.53,38,100.0,1,490,2,Yes,True,1
0x74264aa892c5c4b596b91f961b1387f94ef3d5a1,102.73,37,100.0,56,0,800,No,True,1
0x13dda63c28bb95fe9822fea43ad5feaa966636a9,102.53,39,100.0,69,0,942,No,True,1
0xd31a84c20bc430ad75e6a1903e7ddbee52211072,107.03,34,100.0,94,0,846,No,True,1
0x512fce9b07ce64590849115ee6b32fd40ec0f5f3,104.55,35,100.0,39,195,492,No,True,1
0x83c9440dc34da00c47a0d4dc2b598d7bdb1b53f7,101.56,42,100.0,107,0,1228,No,True,1
0x97432c12ea8c957c3ae2d59c9953cf8df9cbc5b0,103.32,36,100.0,64,4,1106,No,True,1
0x70b7454d7ba86666e9d29b551f2603a6acc8daac,98.11,46,100.0,57,0,826,No,True,1
0xd7b26011e6eb5857a6251da1f77e9f3d8aac4489,100.86,43,100.0,82,1,925,No,True,1
0xaff17968fd266b1cbf69c19b8be90fc167d8d3ef,114.06,28,100.0,20,0,696,No,True,1
0x44087c57add67bf4672dd6702869dcf4b97ad850,97.68,50,100.0,62,0,943,No,True,1
0x9ae6b470d238a4ab42cac5feb27caa5a19f89510,94.19,60,100.0,59,0,798,No,True,1
0xc8d78cd2b119c6ad149bcdf0a297d63ffede1960,97.77,49,100.0,16,0,622,No,True,1
0x77d4d7ed546b19077720eda2be8c847a1c358125,97.81,48,100.0,78,0,934,No,True,1
0x05f7f81ef8b158be44b96a3a3bd5351bdf28946c,96.26,53,100.0,69,1,800,No,True,1
0x5244736b3a8f898149ae33f013126a20ce7abc62,93.94,62,100.0,59,7,943,No,True,1
0xce68b1394ed29ecaa6974536244d1d2aad4a2745,95.4,55,100.0,55,2,927,No,True,1
0xab3f34994048c2714cf403fdbe38ef8bee79b4bd,91.83,69,100.0,58,0,771,No,True,1
0x1c85d6ae1336d0e4e3f165bbfa9641bfa04cedb1,97.85,47,100.0,74,0,931,No,True,1
0x70ddb5abf21202602b57f4860ee1262a594a0086,99.23,44,100.0,84,0,997,No,True,1
0x88441dcd4bc985965e69ecf5a454b04dc84ed876,91.4,71,100.0,52,0,776,No,True,1
0xb957dccaa1ccfb1eb78b495b499801d591d8a403,98.11,45,100.0,64,0,761,No,True,1
0x3da952ccef2b63bf708f7f78a0ed333faa5cdaf7,89.06,84,100.0,46,0,749,No,True,1
0x95d8bc3ebcec8a8f2d3bdafe141ea118fbd7ca3f,90.97,72,100.0,52,0,767,No,True,1
0x670f2a946f731c6a1aede41f27f2fd4a378abb5d,88.63,87,100.0,46,0,746,No,True,1
0xb5b44c678659035cb6ff87e9f1393b54a4d0a335,89.16,83,100.0,45,0,753,No,True,1
0x7d55507f7d96b373706c0131fffbc4ffdcb3b6f6,96.41,52,100.0,40,4,736,No,True,1
0xb44ac514588be99870220d12120815bc3d349507,97.67,51,100.0,44,2,982,No,True,1
0x245b0a88060d9e992e7950922c86fea91dd40fde,89.9,78,100.0,50,0,756,No,True,1
0x0ff9b6ab6ec58ceb6d5ae8a1690dd5a0959ad002,94.63,57,100.0,73,0,932,No,True,1
0x4a27bfd91b30efaf08706d2105e5d8a1ad09ff0c,102.15,41,100.0,12,0,651,No,True,1
0x1708c67f9d3095c92ddcf92e920f11a0ab64ed53,92.38,66,100.0,51,1,636,No,True,1
0xa1118d2663d83857e858f12a9ce29d8faa2ef62f,88.69,85,100.0,46,0,745,No,True,1
0x344b1e4ac175f16d3ba40a688ca928e3768e275a,94.28,58,100.0,77,0,940,No,True,1
0xcfbf79a75a35baa595b7e0d376c87fa47f6ef3da,87.62,95,100.0,6,274,264,No,False,1
0x183bdb344a07ee3d27f07ac4799a56e4a2fe5439,90.42,74,100.0,79,2,912,No,True,1
0x0426b2f8e43deb95ad7a840f8c2a517ee33c6fb1,88.25,89,100.0,44,0,747,No,True,1
0x17ebee050c312567ad0038c0a703779401cb0fe0,90.29,75,100.0,65,1,816,No,True,1
0x843146d71d57af0e731f85db1f094643776c8e91,90.17,77,100.0,18,0,573,No,True,1
0x281ad9f2138ec59c3a9e7e4c98728c93eed868af,95.03,56,100.0,24,0,553,No,True,1
0x608109470afc9857561f9e33a3efbe2547902302,87.84,93,100.0,44,0,738,No,True,1
0xdc9c5e34959ec3643af1e1d34a83d6b251aab1ef,94.26,59,100.0,51,0,697,No,True,1
0x2a06913d5b8748b222e1236768c24ca19198b374,89.85,79,100.0,87,1,695,No,True,1
0x9ba6baa919bac9acd901df3bfde848fe006d3cae,92.96,63,100.0,71,0,948,No,True,1
0xf55c02b021f91752521c0cb74303565f25baccb1,87.89,92,100.0,73,1,808,No,True,1
0x40a82a3ac2bb08e82133e25cbc6ca128dc7162aa,94.04,61,100.0,40,0,604,No,True,1
0x5acad6e75bf6ddd63ad5d88dbc9852ba401d8d02,86.94,99,100.0,44,0,735,No,True,1
0x6cd2bbb806b308c9c9792bbb6d803fe8d0eede75,90.82,73,100.0,16,10,553,No,True,1
0xccb5d53c4721c008a65cc02f5df10a9ce67c6044,87.28,97,100.0,43,0,737,No,True,1
0x078ad5270b0240d8529f600f35a271fc6e2b2bd8,86.2,102,100.0,64,8,883,No,True,1
0xbd2a18df237c018e856dc88c720f9d99d82b086d,88.37,88,100.0,407,0,716,No,True,1
0x1982bd37e91fd7a8c88805e9a7aa009fa804b1f9,88.67,86,100.0,37,0,607,No,True,1
0x328adb38154da8f93ce0ffc47c26055e1975299b,91.86,68,100.0,65,7,717,No,True,1
0x9261fb273d1accbe2f15df1c254e7fcc971468ac,88.2,90,100.0,17,0,529,No,True,1
0x71c9137eb29ce52e7bdab9ee5cac25208f910665,92.32,67,100.0,5,0,579,No,True,1
0xf5fe364d18f4a5a53badce9a046ba74cfc97f6fb,89.82,80,100.0,86,0,766,No,True,1
0x856dc4a12f08afa49f42b52f81769a96505f312c,83.06,117,100.0,48,0,759,No,True,1
0x32791bbc7ddc9d0e6bd914f3b7f73747132a3a5b,86.74,100,100.0,64,0,774,No,True,1
0xc56618e14dc795d0a3aef77cfc9f3b1dba2514c6,96.01,54,100.0,30,2,602,No,True,1
0x44091c26a36c2a08b7e6e9a288136fdee3b05674,83.36,116,100.0,6,212,134,No,True,1
0xbda0136ea391e24a938793972726f8763150c7c3,89.53,82,100.0,71,0,905,No,True,1
0x7683c36e3067ad69e2ac06ddb21250eaf4e4ffed,92.79,64,100.0,18,0,574,No,True,1
0xdd7724eff52c6ec5f2f7649eadd5025d890b3690,85.96,104,100.0,57,6,927,No,True,1
0x50e70c43a5dd812e2309eacea61348041011b4ba,83.97,111,100.0,2,242,0,No,True,1
0x71213a9c9504e406d3242436a4bf69c6bfe74461,82.27,119,100.0,60,9,846,No,True,1
0x8f2a0c6bdd5c1f61552558d2c0d2afe6d3dc5272,81.99,121,100.0,55,9,845,No,True,1
0x707d306714ff28560f32bf9dae973bd33cd851c5,87.52,96,100.0,63,0,874,No,True,1
0x7558899d8109d8a2ce457837ade56c3d6ebfe90d,84.37,110,100.0,75,0,995,No,True,1
0x09ad31043b0b939576d5206b064ca1807c4160fd,92.46,65,100.0,36,0,588,No,True,1
0xc97370f22ed5ac4c7b24a8e1ca9d81febb3b9457,87.19,98,100.0,63,0,874,No,True,1
0x48a9789428f2067338d02b1ef3612df64f05feb7,83.86,112,100.0,73,1,917,No,True,1
0x1b5b4fcedf1252cd92496a2fd5c593b39ac49b01,86.18,103,100.0,64,0,856,No,True,1
0x1aaed39ffb89233d990d22c3410039e85721fbc1,81.21,125,100.0,40,0,583,No,True,1
0x8200d84590eceb10c6471268930e2924f34e3d69,87.97,91,100.0,2,152,119,No,True,1
0x3399a3fedb73354c26883ae11c2c8d1941926289,85.94,105,100.0,23,0,539,No,True,1
0x2d5823e8e8b4dfbf599a97566ff2a121cc141d60,85.43,108,100.0,64,0,853,No,True,1
0x0516cf37b67235e07af38ad8e388d0e68089b0f2,84.88,109,100.0,65,0,835,No,True,1
0x7f85cf44e446a4b1aace2a28774e88cd6d4e3441,80.55,127,100.0,78,8,631,No,True,1
0x63bab39b89a156cc528b374c0109b77b4e343b53,89.75,81,100.0,30,2,599,No,True,1
0x631ab8eb40588543df900263f864b6376d56a587,77.84,142,100.0,64,0,675,No,True,1
0xc5afc3a0f462c5a387393421b6a253204a3be8d2,83.75,113,100.0,47,1,721,No,True,1
0xf20772b296bd6404ce845e966f46cd6be8fa384b,79.27,135,100.0,13,14,466,No,True,1
0xbc9a6ea3e32b05e87f3e3e0ddbb23fc0c62c61f3,85.87,106,100.0,6,0,554,No,True,1
0x29ee39be789ada5cbb2051f4bdd70dd735aed7d0,77.94,140,100.0,51,8,799,No,True,1
0xfa6e906dd9084d50be4b0e6ac13ef5b7186362e2,83.64,114,100.0,58,0,648,No,True,1
0xdaabbb932725cc1b3ca487ee174b59cbd6b0ec98,87.64,94,100.0,50,2,808,No,True,1
0x76ac6ad4e4e7c2e0b4ceeb30745bd53df3a85774,83.43,115,100.0,61,0,829,No,True,1
0x37b1884205cc47c2bf5cf5a0248946c4c0c85724,77.84,141,100.0,31,0,793,No,True,1
0x49087eb6f9529eb02a508fb820d7b4d0b52e4881,79.53,132,100.0,60,1,844,No,True,1
0x5ec17bcf1fb27dbc92e1a6389d9e127a61fae8b9,86.36,101,100.0,24,0,526,No,True,1
0x7a3bdee62dd34fac317ae61cd8b3ba7c27ada145,82.81,118,100.0,61,0,822,No,True,1
0x668fab5429f363f87c17b1d9f7eada702cadae1f,77.33,144,100.0,57,0,593,No,True,1
0x5574d6f75a59945a3d2e056d048816e11ce12bf8,79.48,133,100.0,54,2,695,No,True,1
0xf094c2406f91e946d8c4757a2f8c00d9ec4d703e,82.15,120,100.0,7,0,532,No,True,1
0x972a8b7d891b88220780421fe4d11f174354ceed,81.56,124,100.0,58,0,816,No,True,1
0xc1519857d37ba893680372b9299e4957bce800ab,91.45,70,100.0,17,0,549,No,True,1
0x696d181a7961ee66c42f1ebeddc0b48b106c45ad,77.11,145,100.0,79,2,765,No,True,1
0xad928e545cf5598802b3c601e04b0cfe6bf6351c,79.06,136,100.0,64,24,648,No,True,1
0x1b9da462d07512fa37021973d853b59debb761dd,81.96,122,100.0,66,0,785,No,True,1
0x00432772ed25d4eb3c6eb26dc461239b35cf8760,81.88,123,100.0,59,0,814,No,True,1
0x14d607c20ff934b0d895577c6e80ab0cd6a8b322,73.9,162,100.0,47,0,653,No,True,1
0x8d4fcf8170a20ccc91fab546ee57bd01c930e608,80.46,128,100.0,84,13,593,No,True,1
0x981cac16246d9641be07bba6e19e304b74b173bc,76.79,148,100.0,13,13,700,No,True,1
0x7b0b35b416631f05f321fe74990817dca81cabde,77.37,143,100.0,83,4,629,No,True,1
0x3dbadc86d19416ec16d81aa07ff2609e6241e7e9,79.75,131,100.0,61,0,769,No,True,1
0x95f50cf888dfec90321dc376c1e695f15b081595,78.43,138,100.0,53,9,687,No,True,1
0x35e6fc00e3f190a8dfe15faa219368a01028ec14,79.89,130,100.0,55,0,798,No,True,1
0xc1da4cb564110e85399d4e8e311a818ff885c18c,76.86,147,100.0,1,306,0,Yes,True,1
0xe12305a06ecfc570c4e9ee664fb7e22901b3b842,76.56,150,100.0,2,221,1,No,True,1
0x6394e71bc502010b60377c92c901c2cbc2dcd175,76.73,149,100.0,15,1,482,No,True,1
0x24a000804704b9557466382a806b6baa31cf574c,79.94,129,100.0,64,0,531,No,True,1
0x613e052555ac74ff6af0fc64e40e8035c1e9dcf8,72.7,172,100.0,3,0,700,No,True,1
0xb4dc4c7460c58e7652cd615675a1f707ebb67e9a,81.12,126,100.0,62,0,688,No,True,1
0x022111936500251ea358a98cbb158d77580efb42,76.2,151,100.0,50,15,535,No,True,1
0x37ea22d0f551aa66d54605592b672f385b713dc4,74.19,157,100.0,51,0,707,No,True,1
0xc077c537727b07a6521332da75fa8966192f425d,85.63,107,100.0,53,0,608,No,True,1
0xfc32afc3b324b45323a77785f63a2c7108b04200,76.99,146,100.0,1,202,0,No,True,1
0xcf603a4b0d42337dd9fde4998c092adc9c6c7fdb,73.22,169,100.0,70,0,721,No,True,1
0x529408a6962bae6ca5328874d633738116b89b05,74.9,154,100.0,78,2,705,No,True,1
0x5b47ce248ea313841668a318afb9a5597d5efc23,73.6,164,100.0,71,2,654,No,True,1
0x5a0fd2d11f8b8c7c281efbf69519393e076ab416,69.86,185,100.0,10,0,456,No,True,1
0x75fd2bea5c16f587565770250d638d967f982953,73.37,166,100.0,116,3,662,No,True,1
0xdba62cba66bf4296208552d0495a0f05fed4214d,72.53,174,100.0,8,0,461,No,True,1
0x98289029b0d4bb73ead9eb1a3300ed724fcf6779,73.42,165,100.0,39,0,558,No,True,1
0x2929b126f3176d3fa3ff30c4eb7de604192ec840,70.22,180,100.0,26,0,467,No,True,1
0x938a49e24fd7a26149dd537019078d8a8f919290,70.0,183,100.0,66,0,656,No,True,1
0xbaa32387bd55553ec806622d524b12bbb8242a19,74.13,158,100.0,54,0,734,No,True,1
0xbc72198d65075fdad2ca7b8db79eff5b51c8b30d,69.95,184,100.0,6,141,233,No,True,1
0x529b59fbbf22b999c23fefbbed364feee3c12ba1,74.08,161,100.0,21,0,485,No,True,1
0x4680c9038bd1ace31d21441c609d58103491a73e,67.8,199,100.0,19,0,446,No,True,1
0x7324569e024192bbd12de41130029711f79315c3,69.64,187,100.0,20,0,459,No,True,1
0xa74cb71969c6476ec42b6fc740d9ce2a496afd5b,78.1,139,100.0,44,0,490,No,True,1
0xbb0244016a4dcb20c499b50e740083cfbb6c2f78,72.75,170,100.0,60,6,690,No,True,1
0x4f0347b0ed538544db7323bfb7536ff07b7915f1,79.39,134,100.0,33,0,484,No,True,1
0x5e0ad0493903459f8f6d75d412eaca6d94a691b3,71.89,176,100.0,12,0,452,No,True,1
0x764f1ea61f86c911dabd48d8a050a7acbb35dd33,67.03,204,100.0,9,0,448,No,True,1
0x8d07d225a769b7af3a923481e1fdf49180e6a265,70.31,178,100.0,72,24,785,No,True,1
0x13e35b33b929bd96a004ea88d1fec552b205a23b,72.73,171,100.0,65,1,576,No,True,1
0x4872a286645a3733daff9abc1d196fd4704b5c9b,75.0,153,100.0,45,0,470,No,True,1
0x5ff817a31c03828c9f8995fc8b70b2eab5e59acc,74.36,156,100.0,59,0,599,No,True,1
0x93442eb8f90330704cfb2ba5da88d6bdddae6aa9,71.26,177,100.0,5,0,603,No,True,1
0x2744a205b3a599508295e53d0290b949104d57f4,70.26,179,100.0,60,0,568,No,True,1
0x908e8e8084d660f8f9054aa8ad1b31380d04b08f,70.03,182,100.0,67,0,689,No,True,1
0x37d2445fdf9b83b58392dadc9cc29100c263b505,74.51,155,100.0,29,0,493,No,True,1
0xc309e2fbdcf9ded01452442307074ee2ca93d446,66.62,208,100.0,20,0,445,No,True,1
0x2dabd1c849b5adc1fb421e043ba53be6bb2aec62,75.25,152,100.0,31,0,485,No,True,1
0xd3d0e2141c998e64c1c7e2435064bb9785e8db24,67.94,198,100.0,305,0,561,No,True,1
0x33231c4171e4d6a864c05b6db61467ec2424efa5,73.28,168,100.0,71,8,593,No,True,1
0xcd790d0813bef3add5ddc1ae5589d3a9b526cadf,68.42,195,100.0,70,4,689,No,True,1
0xd6eff8f07caf3443a1178407d3de4129149d6ef6,69.64,186,100.0,4,0,633,No,True,1
0x48fae920b92b9408f88619ff5c217ecebaf563b8,68.46,193,100.0,22,0,774,No,True,1
0x15fab1cc5262d69853b1196f74d38c7fc96fc6d7,66.0,212,100.0,74,2,589,No,True,1
0x4fb63d01dc521fceeabac44e57bc675077656deb,67.97,197,100.0,43,0,470,No,True,1
0x46331769a8a01947e07c310704893076a3409d36,68.43,194,100.0,64,0,568,No,True,1
0x3c6e78a279ca78088a939d80968feffcd517190a,69.25,189,100.0,66,1,565,No,True,1
0xbcd8fc34307cc53755b6082c41b6ba643fbc6f99,66.05,211,100.0,46,1,573,No,True,1
0x36d9b6a89196042b5450b4687aa7c5c315c22aa9,68.84,191,100.0,35,0,452,No,True,1
0x1f2910331d564341ba9a9762f2b7eca182230b2f,65.32,214,100.0,36,4,764,No,True,1
0x79ccedbefbfe6c95570d85e65f8b0ac0d6bd017b,69.3,188,100.0,49,0,669,No,True,1
0x736ed70a9059978a9c7733cd65e780f0c7bd162c,67.07,203,100.0,33,0,466,No,True,1
0xcd0b67a61e5e8f4616c19e421e929813b6d947df,66.74,207,100.0,81,1,542,No,True,1
0x119383b0051e920d6161cee971247d625b8d69cb,69.24,190,100.0,46,0,666,No,True,1
0x54ead1d36a2752d6ce8697dbcdb26040b63c402b,61.99,243,100.0,21,0,409,No,True,1
0xbd1f7d88c76a86c60d41bddd4819fae404e7151e,65.8,213,100.0,159,0,756,No,True,1
0xc83c3b46d8e622b9c7b540872c6af8636ddc1d17,67.66,200,100.0,56,11,515,No,True,1
0x32a59b87352e980dd6ab1baf462696d28e63525d,64.41,222,100.0,118,1,764,No,True,1
0xfa778a2bd937a8e17ea0ea15f9c1a3e97d81ade1,64.06,224,100.0,28,6,403,No,True,1
0xfdab3be33284ef68442f55535ffc0b1fcbad2b62,64.92,219,100.0,57,5,593,No,True,1
0x770bebe5946907cee4dfe004f1648ac435a9d5bb,68.56,192,100.0,54,0,649,No,True,1
0xba8765802198e5c19f2ba8fe9b0da2b225927aaf,62.73,238,100.0,56,0,508,No,True,1
0x77c9e49073d9830723195f3788570c2c36c97688,67.55,201,100.0,63,4,552,No,True,1
0x7da0e97cb78832463914392b5d414c1befa1fb01,64.3,223,100.0,63,0,652,No,True,1
0x247e0896706bb09245549e476257a0a1129db418,67.3,202,100.0,3,2,539,No,True,1
0x40de3299bd8a10d8ac3f32c1a55de40640cf9b75,66.82,205,100.0,42,0,451,No,True,1
0xa8293dd8eb52564a35b8357a539146321b934153,66.76,206,100.0,51,0,602,No,True,1
0xf84c58dc674b8f29f3d5b56f561817e3920f9a63,62.54,239,100.0,34,0,406,No,True,1
0x515fad9044494cd323b211c2f1eec80c1098f4f2,64.93,218,100.0,51,2,550,No,True,1
0x385a3911ff5b1f4ce3fefe3b430edf5792fd4044,63.66,227,100.0,282,0,531,No,True,1
0x31a406efbd18897c85a028ca2ad9bbf06febaa2c,68.18,196,100.0,51,0,463,No,True,1
0x265445e894efab864663c64a62c1555084fdf94c,63.62,228,100.0,281,0,532,No,True,1
0x026b9a9c57734558ee78e1561049b6b548733395,63.97,225,100.0,1,177,0,No,False,1
0xfbf0736eb2ac1c4bb0193ae54c53e182b18037fc,66.31,210,100.0,64,0,503,No,True,1
0x021c5536bd60bce9f15fb0e32746e332e3fbfaf4,74.1,160,100.0,1,168,0,No,True,1
0xa4b2c652b4052729ab35f6a6ffc0c22bad7bdba8,63.6,229,100.0,53,1,556,No,True,1
0x7d9a6083bd1a89115782bbe602088e10a5dd01a6,73.65,163,100.0,26,0,454,No,True,1
0xd2b2f14e25ccf9e7d62611586c2fee55bd96436a,63.75,226,100.0,43,6,546,No,True,1
0x7c8b82d1677a198cb14331be465766fbbd836e7f,61.07,254,100.0,1,197,129,No,True,1
0x95e9ffc26cb33fa701a56862cd6e2b4c96cb444e,63.33,233,100.0,41,0,417,No,True,1
0x3eb72a65f9322d3f30167cff9fc9fcbb23d61cfd,65.18,215,100.0,77,1,623,No,True,1
0x085ed975a8b6b860de3c2b871da60a3f9f48a5b8,61.28,253,100.0,42,0,528,No,True,1
0x096edfe03c04d91d1f297662092ac1b336e6d427,60.27,267,100.0,22,86,103,No,True,1
0x416365993481e52e0472e7417656276d4e147a00,63.25,236,100.0,74,2,531,No,True,1
0xa24a81bcebbeeb8e6687babf99bb4d0f72c22af5,63.49,231,100.0,52,0,506,No,True,1
0x347bb83e4ab465c8c6b7afab3beb373410a9cae2,60.68,258,100.0,46,0,544,No,True,1
0x33482803274c5e08661843636dcee8e9a68c7252,60.65,259,100.0,47,0,543,No,True,1
0xea5bbad59c45a02ac0b0f48c9b4b7ccbccd73c36,62.46,240,100.0,63,2,485,No,True,1
0x9744ab296781536b76a12ad6d48baba814b866e7,74.11,159,100.0,15,0,425,No,True,1
0x9e73201903164d3b476505f3c54f86cdcd4010df,60.46,262,100.0,47,0,541,No,True,1
0x26871b48edad35f81901ab9002e656e594397e7d,65.06,216,100.0,9,0,547,No,True,1
0x0585c0d0aedf071a07992ad650bdc047cef0c04f,60.41,264,100.0,47,0,541,No,True,1
0xc3d6f21c79c2567a1858d8b93a4edbd9db399d9d,61.89,244,100.0,2,161,1,No,True,1
0x427a33234faacb6b3acd1a5a27d9f8bec358e3c9,66.42,209,100.0,19,26,315,No,True,1
0x4e70bd663b20bb64db6172f5c871bd41c1cc7298,61.72,245,100.0,52,1,533,No,True,1
0x8c57d1fab10d4b78f49ef5c6abaeb76a63710f61,70.18,181,100.0,55,1,513,No,True,1
0x382cab376440f92d4943f8b47dd45645cf98be0c,61.51,251,100.0,67,2,574,No,True,1
0xc4916b8a736db8b9819ccc4729240f1d8a88c5f6,60.9,257,100.0,275,0,506,No,True,1
0x4aef8b6ca98ca20087e6b0827a50868172a32afd,64.98,217,100.0,43,0,610,No,True,1
0x69389398e4d903b02010e20d308ee58ea8d6d714,60.0,269,100.0,46,0,539,No,True,1
0xc85fcc44005a1d24142c6b347a0256b5e9306c10,61.51,250,100.0,66,3,584,No,True,1
0xfbe6915fb22dfe6b42a7c50b43b45bf692681e5d,59.87,271,100.0,46,0,538,No,True,1
0x99d305dfc38cefa91cb1129387681ede4c93e87d,59.87,273,100.0,46,0,538,No,True,1
0x03894d4ac41dd6c4c2f524ed4417c90fa46972c6,63.31,234,100.0,62,1,496,No,True,1
0x9fd9bb687696f19038892989876bd6dc96abd769,59.69,277,100.0,46,0,534,No,True,1
0x82e88356396eb8d4645dc09dfd2c5821b5f88fbe,60.92,256,100.0,34,0,396,No,True,1
0x949ad06a4c904cd0b31ae2f56aae0ec68c16ccac,59.63,279,100.0,46,0,535,No,True,1
0x4cb75146e98562c9d79b31649c6c739e4dcb7cd5,63.45,232,100.0,58,0,388,No,True,1
0xd08da3621a547d7d7cb07425e6aa6679c566e40f,63.57,230,100.0,53,0,399,No,True,1
0x59d6779eca6c91ed7679e261b54299b5155eadf0,59.36,286,100.0,22,0,611,No,True,1
0x14efca67ed15d631ee4d095512709cd1d2ae87a2,61.64,248,100.0,36,0,426,No,True,1
0x9e988bf30fa85c5ee2ceac5c13c95357cd35d0f3,59.36,285,100.0,2,180,0,No,False,1
0x12aeebbcbf40d4ef264761d1eee553d4920ba7f1,57.64,334,100.0,12,0,387,No,True,1
0xffe7729b1eab35aa37c4486c8fc9f576d4cc1603,59.78,276,100.0,265,0,500,No,True,1
0x2951b1f7058bd2c05f01954002c450bac0873847,58.82,296,100.0,79,0,562,No,True,1
0x787c8be38e968bd0b41eaabe0b69d1c32ea09262,63.26,235,100.0,42,0,598,No,True,1
0xb5d31e8512d1d0b048da53832a36d56fb200ca3d,59.8,275,100.0,12,0,391,No,True,1
0xf9e6b5549d62f304812debf43e718d502d7d3726,59.45,283,100.0,265,0,495,No,True,1
0xab884368ab49d771cccdc3f5c9ff682767e450d1,61.63,249,100.0,53,0,483,No,True,1
0xcc459846ff7587a972caeff28315c8d20390c4bd,62.24,241,100.0,76,0,462,No,True,1
0x2886ca3e09863f795b273d074850b0b07afe222a,59.39,284,100.0,264,0,497,No,True,1
0x3ab6d39846b06d6d8f41a61f6571dbab8e187910,59.32,287,100.0,263,0,496,No,True,1
0x72ddddaf0ac801649222d7eb2fccbca359f7a819,59.61,280,100.0,264,0,497,No,True,1
0x1c05decb151a459e8b045a93f472d1b238204094,59.52,281,100.0,53,0,439,No,True,1
0x49084125e425ed84a81e97f866043ba413e959b9,58.81,297,100.0,14,0,631,No,True,1
0xa97d4048b71975a475766e8278dcd2da1e8674fa,59.25,288,100.0,58,1,436,No,True,1
0x38b02f720416d170ab5f83ee4990402820a69019,59.22,289,100.0,262,0,496,No,True,1
0xf4e5cfcd4cd9ef4186b3ada87835d3ab36c5942b,59.22,290,100.0,262,0,496,No,True,1
0x521b0fef9cdcf250abaf8e7bc798cbe13fa98692,61.66,246,100.0,6,0,705,No,True,1
0x894c933c4113fa86a84262f12610d4e8266e9194,64.64,221,100.0,67,0,492,No,True,1
0x947b7742c403f20e5faccdac5e092c943e7d0277,59.52,282,100.0,5,3,546,No,True,1
0x64b5f9dd6f23269b966a4c3717e150a6dd264851,58.52,301,100.0,55,1,568,No,True,1
0xf85d965e9fd4607b000110253214f49231f0031a,62.78,237,100.0,66,0,504,No,True,1
0x6cc1a726e7f9f3bc5046ad7225a7f5a7280a9415,60.46,261,100.0,13,0,550,No,True,1
0xcd75942b66c1a82d7e04f65a34ce7f93791fa8a8,58.35,307,100.0,57,1,564,No,True,1
0x11c25599461c850f7720dd562e9be0a9eb6e99aa,58.72,299,100.0,259,0,493,No,True,1
0xa0164833c956f812294fe624e08c17bab439dadb,58.84,295,100.0,39,0,395,No,True,1
0xcc2005844aeabbd4d663f7c45c9bd1369eb062b3,59.87,272,100.0,60,0,421,No,True,1
0x034de217b44fe8f4c4088400448bdd917cb86d84,58.44,306,100.0,261,0,490,No,True,1
0x8adfc6e6e6da6ed9af7f094b3f3115ed72048395,57.97,318,100.0,62,2,534,No,True,1
0xf99b49202f457eede7c2afda05d865dc9034c506,58.23,308,100.0,258,0,487,No,True,1
0xa6bd9208a37c4c4d20cd9512d47dba5553bfbf96,58.21,310,100.0,260,0,488,No,True,1
0xbde8d3ef66ea8a6c38024615e0117c4d7b3d5cd9,60.37,265,100.0,61,1,502,No,True,1
0xd57e9df75381553ce9c154712ac7f73eb206bd63,58.74,298,100.0,191,0,524,No,True,1
0xb07c0772dea1557c2836c7e263bb795dbd6cca4a,58.14,312,100.0,258,0,490,No,True,1
0x4ada1b9d9fe28abd9585f58cfeed2169a39e1c6b,58.95,293,100.0,48,3,630,No,True,1
0xdbd6483e67c51cce92d1aebe6568a8159c175d8d,58.08,313,100.0,260,0,486,No,True,1
0x7e092225fd5b125b0fd15c09650562cd19e70689,58.07,314,100.0,258,0,489,No,True,1
0x75a256dffdd2ade70ace4a034144c2a8c41a1213,58.04,316,100.0,259,0,487,No,True,1
0xded031e7490a814964c6e97517a0bed948a30049,57.98,317,100.0,259,0,486,No,True,1
0xa43b33e226e8a1463cc5bf7f035d9fc1b277bd3d,57.88,320,100.0,258,0,486,No,True,1
0x7e84ff0c73cb66803b1bcaea3b47764ac7a03e5c,57.84,321,100.0,259,0,484,No,True,1
0x752811fb9514026e384062ca46e8e0b09e505e31,57.84,321,100.0,259,0,484,No,True,1
0x91f7c7dc5a44276482c102178fe1d620b397c276,57.55,339,100.0,55,1,557,No,True,1
0x4a05853f3b4b55b9752bcad92b6a8855bd9cc304,57.81,323,100.0,260,0,482,No,True,1
0x4d40a5c183551dfb601c4b4518b0e0c686a95dbb,57.81,323,100.0,260,0,482,No,True,1
0x4f55ecbeedf6cffbb9cf48a84225da242b2f160d,57.81,325,100.0,258,0,485,No,True,1
0x4928bf2ceed277d29743984f38e84c0841998528,57.78,326,100.0,259,0,483,No,True,1
0xf3998b1c695d2f9d6ae148043ccf9a5f2b478d3a,57.78,326,100.0,259,0,483,No,True,1
0x6b87616d8fe9eb216975d464f13a82f72114af2f,58.22,309,100.0,50,0,460,No,True,1
0xef8305e140ac520225daf050e2f71d5fbcc543e7,57.18,358,100.0,53,168,207,No,True,1
0x09c7912cf36a0c40854eb842fd2ad81db3447740,57.74,328,100.0,258,0,484,No,True,1
0x9d46f85335fa2849763f0028ef0702b0fc4c96a0,57.71,329,100.0,257,0,485,No,True,1
0x4547efb10d0b10fb95d84792e0fc9703eed3a59e,57.71,329,100.0,257,0,485,No,True,1
0xd314cb3388d80236ac7111be118f86d8558de8b5,59.65,278,100.0,53,2,564,No,True,1
0x6d78a8d90cd4cf49d1735714c327014b8e077fce,57.68,331,100.0,258,0,483,No,True,1
0x0f9484d95ce12b2a1965324e770251feb89d09f6,57.68,332,100.0,256,0,486,No,True,1
0x335d2d954cec61cb4673780300d890340a29dd99,57.4,345,100.0,53,1,562,No,True,1
0x762270f1ffc45cf42a12c8fc157509eb983329ac,57.65,333,100.0,259,0,481,No,True,1
0x5f3bc93440f25bdacedad1fad047847edf071f4b,57.61,335,100.0,258,0,482,No,True,1
0x10cfe51de1c18e361ce614a876189229809f9fc5,57.61,335,100.0,258,0,482,No,True,1
0x5efa63d81ee2c9c487f4c0146021085882a7951c,57.61,335,100.0,258,0,482,No,True,1
0xc290cfb8d020c0615e9c63036f4319cc41717e68,56.21,415,100.0,8,67,429,No,True,1
0x17e70c83f2d9b6d9fb067c72428afc2b7ee7dcd0,57.58,338,100.0,261,0,477,No,True,1
0x70a4e88ccf1376145071d097bca031310b44bb46,57.54,340,100.0,256,0,484,No,True,1
0x4a874f678149d884931943b7af16d9fe18514880,57.51,342,100.0,259,0,479,No,True,1
0xdc439408dfbd9987c22cb3e6397a4c6ea697747d,57.51,342,100.0,259,0,479,No,True,1
0x0028c167ee07193671670c82e41b2081139c4690,57.48,344,100.0,258,0,480,No,True,1
0xf74709b52c0e108ecfe56fa364175a779d3c059a,58.47,304,100.0,60,8,487,No,True,1
0x458ef55cb647fd7184fb729ebb44def52e293c92,57.38,346,100.0,261,0,474,No,True,1
0x9e4977972cb8a95fdf2cf9bda269ebdb2dcaea35,56.28,411,100.0,52,0,587,No,True,1
0xf755b49d20cc1ec85da1c5a07cdf499a166ee383,57.38,347,100.0,257,0,480,No,True,1
0x03f2a786698694f54ff05a45c56bfe72f89eee6a,57.35,348,100.0,258,0,478,No,True,1
0x6bbaeb874784218ece4c1728dd450766bf736f7e,57.35,349,100.0,256,0,481,No,True,1
0x5ad75f8b6a44734a886c5ebb2e999971fc8a1d5f,56.69,384,100.0,25,2,680,No,True,1
0x1cfd540baaa092124d8bfb29dbd5762bd80f1b56,56.78,380,100.0,18,6,359,No,True,1
0xf23590935c86fe5a46d951fb761709eed8970f25,57.32,350,100.0,259,0,476,No,True,1
0x7f7bac92aa3e28351f9e89535ca334e8a44542d0,56.36,408,100.0,65,1,539,No,True,1
0x21a7201897b216e5fce3a3069597f60ac8539403,57.28,351,100.0,260,0,474,No,True,1
0x0715c2767b15955f7f3ccf22ff31d6218d60fd0a,57.28,352,100.0,258,0,477,No,True,1
0x4d8c6cee998a41a011db7c110e7fa4920c35db57,57.28,352,100.0,258,0,477,No,True,1
0x9a929cc9bb954b337b7d34356ed5d874624231fa,57.28,352,100.0,258,0,477,No,True,1
0xfff6b32da4fd43865f846ff7487f0edbcec86ce3,57.25,355,100.0,257,0,478,No,True,1
0x2c11ae904565fa3f47ac785860f5ec8c0368258c,58.6,300,100.0,57,5,500,No,True,1
0x79e05c63962f32fac8fab2de79e61141298bd539,57.22,356,100.0,260,0,473,No,True,1
0xb095ad5cc61e75458505ca45d58dd177907eb8c0,59.07,292,100.0,42,0,375,No,True,1
0x5c002903df25be7e676202e5122a165a53549725,57.22,357,100.0,258,0,476,No,True,1
0x8713adef11c9c7620f6410a20c602a92ae673893,57.11,361,100.0,255,0,479,No,True,1
0xc628314bc54e1c03484cc4b57ae16f8f4c2e9e15,57.05,363,100.0,259,0,472,No,True,1
0x7008065395a22ed462f289c2f9ee0081a6f261b9,57.05,364,100.0,257,0,475,No,True,1
0x6d5e5ba88861df8dba0eb53ebad1ba89eb4b238b,57.54,341,100.0,4,2,511,No,True,1
0x0990393db8fd79ba51a2f3982550fee9d96c5987,56.98,365,100.0,257,0,474,No,True,1
0x622f078ec2d62e466ff3ef3306f2d3d79060625a,56.95,366,100.0,258,0,472,No,True,1
0x094848f9e400e9cc3ada249b52b4964eaeff1ea0,56.92,367,100.0,255,0,476,No,True,1
0x7977b909d55a53f9c73140f7f611eaf0638238ed,56.66,387,100.0,85,2,487,No,True,1
0xd5fad2c75b7caed9f10fcbea9a265709b3759755,56.89,370,100.0,258,0,471,No,True,1
0x8b1aae13103d06097ec6fd6447898531e8fab288,56.85,371,100.0,255,0,475,No,True,1
0xcb15649d7b7a1eb01fb1acd14809de6cf82aa1a0,55.9,429,100.0,58,0,492,No,True,1
0xb9f77443d8466d4f399dbe016e5c23fc59d59ab0,56.79,376,100.0,257,0,471,No,True,1
0xf710430c1fdb34748303cb5817a3b38b7051d7e6,56.79,376,100.0,257,0,471,No,True,1
0xb5be0314865803debfcc3163083c562b292687b5,56.78,378,100.0,255,0,474,No,True,1
0xd8e2e2b2c28349696c9be4ab294712bf9690a9ab,56.78,378,100.0,255,0,474,No,True,1
0x746d78f7e379bdff5ff15fa1540508d5c34cff37,56.75,382,100.0,256,0,472,No,True,1
0xdd9a5ca4710fe4b08672fabc2d5774e0926a4afb,61.64,247,100.0,37,0,426,No,True,1
0x486cfd56d91c56deef521355084d4544d73fdfc9,56.69,385,100.0,256,0,471,No,True,1
0xf84bdd57c90265e1fd0b6e0ddb779724b104e114,56.69,385,100.0,256,0,471,No,True,1
0x83d2e472495f408bd0bc85702f4be5ef1acaee80,57.17,359,100.0,60,1,522,No,True,1
0xfdd3574cf9919a7cf52bf8c5277e2024df418176,56.65,388,100.0,255,0,472,No,True,1
0x99d1bda3039da34e7782e66ee707f27e6f05f1dc,56.56,392,100.0,258,0,466,No,True,1
0xa4c3d2d38573144bb8f2a56deec335a10db762ba,56.55,393,100.0,256,0,469,No,True,1
0x28c173b8f20488eef1b0f48df8453a2f59c38337,55.53,440,100.0,11,150,267,No,True,1
0x45208c10e922d932c0a638e7d8e92307fc73b40b,58.47,303,100.0,57,0,682,No,True,1
0xb4eb4ff4304202704131dc2d2793872773f37425,56.45,400,100.0,255,0,469,No,True,1
0x271e3135989530a7e579fb86814b4be2b3a64103,56.42,402,100.0,256,0,467,No,True,1
0x070341aa5ed571f0fb2c4a5641409b1a46b4961b,54.9,460,99.99,14,25,506,No,True,1
0x461ea1d70e4ed16bb0b0c063a8500815b7d6ed32,56.39,404,100.0,257,0,465,No,True,1
0x4b06b27827b9160720ef7bfadc2eed6b4b3e47f7,56.39,405,100.0,255,0,468,No,True,1
0x2cd54b3c8041f29c1152a2568e683ff099c411fb,56.39,405,100.0,255,0,468,No,True,1
0x2f5acca3383eb9a40b9201d81d15a7a109dcc18d,56.15,420,100.0,29,0,378,No,True,1
0x828a5457b8773e65f54632ee47eca18b9885d98c,56.79,375,100.0,32,0,371,No,True,1
0xc21611a12525d3ab940c339b8ae4c4be5865b6a2,57.1,362,100.0,47,3,522,No,True,1
0x999f280ace098f686e8571b3825739a3076b9f55,56.26,412,100.0,255,0,466,No,True,1
0x958a38bdf665649fe623f2f6a56c164aaf9989d0,56.25,413,100.0,253,0,469,No,True,1
0xdce62b21a8b1a9b39dd3ded27c876d416cc91b3e,56.37,407,100.0,41,0,761,No,True,1
0xe6f940ca39d5bb2132d1114b97cc43605149103e,54.48,470,99.99,16,0,369,No,True,1
0x387cfcba13974208090ece2b78972dd3d8cfae48,56.19,416,100.0,253,0,468,No,True,1
0xe274ae86ff13c1bbaacd3662ec5fd7279a18e28f,56.82,372,100.0,189,0,501,No,True,1
0xcb7958ddf673aa8f21614346d3e1c46182a9454d,59.2,291,100.0,56,1,390,No,True,1
0x2bc12061c8912505978472c21d4a23db43af62aa,60.27,266,100.0,61,0,382,No,True,1
0x86d94879d0e89acd2b25870f3fe81288cc8df153,56.16,417,100.0,254,0,466,No,True,1
0x895be97bdb9f8a244c472b18ea96dee39ddf8fe5,54.84,463,99.99,2,0,560,No,True,1
0x1730160dad28284a884683af648c4e10aabb7bc7,55.51,443,99.99,30,0,491,No,True,1
0x1d0239e4e185f5f3fba605897849744ae8b5f333,56.73,383,100.0,189,0,501,No,True,1
0xfa4e14d534f86e84214be9f7f612927757eb71be,56.09,424,100.0,254,0,465,No,True,1
0xdcad95c9894d80fb30817f59e7619fd9128f64d1,56.81,373,100.0,64,1,604,No,True,1
0xa129d5436fb797ff1d9c11b5f9d3ab0e27dd34b5,56.65,389,100.0,187,0,502,No,True,1
0x994f96722575b64b27cdbe327498f34aaa2f0043,57.15,360,100.0,69,0,452,No,True,1
0xec177d6bbb7c02c37987ebe9aab3a455355210d5,55.92,428,100.0,251,0,467,No,True,1
0x41602b8582f474eb9c029dd502e7dda119345931,56.56,391,100.0,189,0,497,No,True,1
0x7f64716cfb04ef0b78a3fcf02d3406a1b9dd0c42,56.52,394,100.0,188,0,498,No,True,1
0x21b98f5698fd33d9cb58f6ab8d5ec58e803fcba2,54.69,466,99.99,30,0,656,No,True,1
0xfd7d9173403efd29f6b0b576217a59fd426170b8,56.49,395,100.0,188,0,498,No,True,1
0x338571a641d8c43f9e5a306300c5d89e0cb2cfaf,60.13,268,100.0,9,1,452,No,True,1
0x02e9e647e041854ad3c4c56d8c4f4b69c68a7682,56.46,398,100.0,188,0,497,No,True,1
0xf9039ae1e299486d8e6c5740ca6340797fd42736,56.46,398,100.0,188,0,497,No,True,1
0x84ecf15af6fec307afeab934b46947967bc02d5f,56.89,369,100.0,55,0,485,No,True,1
0x79438224bc21b0e6b45ecf9f8caadfbdb874dedd,56.44,401,100.0,52,3,415,No,True,1
0x94d4d40759af1cd2addb95252278dbae38c78d1b,56.36,409,100.0,187,0,497,No,True,1
0xf574fbbbd0c29ff2dbd10839e33793a6eafde809,56.35,410,100.0,188,0,496,No,True,1
0x41e260e8f07615418968c5fc7d10e277cf7eab56,58.48,302,100.0,54,4,469,No,True,1
0xafa004c6e792990371ff9dc91f74d62e1b248637,55.66,435,100.0,251,0,463,No,True,1
0xee33d688fe27a3a754435c50f8a12654d5327a16,55.7,434,100.0,187,0,495,No,True,1
0xc16b76c25b60e5970ace61c719ca263133ccc1b3,55.38,446,99.99,43,1,489,No,True,1
0x3b174445371dd00fb766357f29118ac6a0aeec1c,56.22,414,100.0,186,0,497,No,True,1
0xaeaf8371bf9df3edb08bdd7d05099d49965fdf59,59.83,274,100.0,45,0,564,No,True,1
0x02c9121f2ca2055af2d45d0aca5a7acae1d6b83c,55.52,441,99.99,249,0,464,No,True,1
0x66109b3b6348d1df6bf1f8d998e527b967f682ea,56.13,421,100.0,186,0,497,No,True,1
0xdc7ec05bf7781f9e861ee5486023dc6cf71fa7c4,56.09,423,100.0,187,0,493,No,True,1
0x8a36c41e2b7d0ee24668729d08543ab77a99dced,56.09,425,100.0,186,0,495,No,True,1
0x2338e4897119a104a3145f7b500fe98b51a56637,56.06,426,100.0,187,0,493,No,True,1
0xb4d50b4e31181a004beb14e8b0a522bb434ea1fe,56.15,418,100.0,187,0,496,No,True,1
0xe8fcdb117a5f0ec16ef040e6fe3f675390a7bb5c,55.96,427,100.0,187,0,492,No,True,1
0xa3728c1f3ac52ded2fc69d3b95235d7a6fd2b377,55.36,447,99.99,187,0,490,No,True,1
0x33d7147b957c1d1d0bb17d2b09e1d85e86be9873,55.89,430,100.0,185,0,493,No,True,1
0xe874411d6e354b93be52b05280052c193550fa03,55.3,449,99.99,185,0,492,No,True,1
0xbafaf28d01aefec4cf16830d2187becd502c6e0f,55.84,432,100.0,184,0,495,No,True,1
0x81d53cd3e96fd8d51cef3de47e546d0b325af8bf,55.84,431,100.0,185,0,495,No,True,1
0x1cd1a6c4570c039368f5456aa82574af6567e6f6,55.23,452,99.99,185,0,491,No,True,1
0x2ed0f4e9769591d8eff038abd884187c8101c7f3,56.41,403,100.0,65,0,461,No,True,1
0x1e265fdd0654120c739639b87e967f65339aa4cf,55.74,433,100.0,184,0,495,No,True,1
0x4175abbc3a231125c83bc967cc42487db0b0ad9e,57.95,319,100.0,35,0,446,No,True,1
0x0b1937f6ee406ca9e44dd99035da38840c242a9d,55.4,445,99.99,62,4,497,No,True,1
0x1d7375a6ffc5a60b435558859a2762cfd6c6b07f,55.6,438,100.0,184,0,492,No,True,1
0xc9ac69013f041ebee6009bed69047db1a795dbe9,55.51,442,99.99,185,0,490,No,True,1
0x3899c67ce90b5ca7526bcfec438e2b59379d4700,53.18,486,99.99,11,0,363,No,True,1
0x6069a291fc1dbbb0782a1314b6fb06e6d25b22da,54.73,465,99.99,182,0,488,No,True,1
0x4e4b40b1a3f945d6ecc00f65adba063be82439f0,55.21,454,99.99,182,0,490,No,True,1
0x7453019b806919563eac33870fe5f8e5154fdf38,54.24,474,99.99,56,10,424,No,True,1
0xbbdfe37f2b5d2b7e86721324336abdc2221c4be3,55.11,455,99.99,183,0,485,No,True,1
0xe6b4a4972abe38820322af468f3aee439f652704,53.85,478,99.99,21,0,653,No,True,1
0x5568d637aefe29d939a724f64e0515b238353bfb,54.41,472,99.99,59,3,344,No,True,1
0xfffa889f71003f256f0e14b48e54fa2dad1f2ff0,53.79,479,99.99,57,0,417,No,True,1
0xcd5c1bb777c937d993bc5e16e48b1669becc77aa,53.32,482,99.99,50,1,550,No,True,1
0xc5e7184d2807b21726d67dd05b6c3011f9c5dca5,56.48,396,100.0,48,0,411,No,True,1
0x377280d8d87415873da035d8d6d2ff4f0d9b9c54,53.88,477,99.99,15,0,363,No,True,1
0x9f74662ad05840ba35d111930501c617920dd68e,59.97,270,100.0,5,80,232,No,True,1
0x8bc8b4e4921101bcc56ec084b906069b73de7276,54.94,459,99.99,51,1,411,No,True,1
0xbd5bc121f9fb413d77fdf39f6a2aa45a9d8bd6b2,58.2,311,100.0,47,0,383,No,True,1
0xe44782afe398800d7190796018c4b865e32ff806,60.45,263,100.0,36,0,440,No,True,1
0xccfd1ff80d176f1b98f7e40ed71a5b13d70daf69,62.23,242,100.0,37,0,422,No,True,1
0x3951d734bbd956761802a7f4297ccade69bde9d9,53.23,485,99.99,21,0,646,No,True,1
0x3b74175fb78af5aa92e9eb2c7e837f6d50882522,52.4,504,99.99,42,5,540,No,True,1
0xe73052aa21b655c70f4aaa1f947f793c4bf7a95d,54.65,467,99.99,57,0,456,No,True,1
0x5bca305df5b8446546224d7e548ef4e681eacfc9,54.58,468,99.99,31,0,545,No,True,1
0x1684c382352fa8992e2d12264b08cbfd8e06b7b1,52.85,494,99.99,39,2,479,No,True,1
0x23abad8c65a9a93abcc343892aaf3d6e88b5ccc9,54.55,469,99.99,55,0,515,No,True,1
0x9ec14a04cb7822b56bef9d46357604b6f3a673cc,58.46,305,100.0,30,0,345,No,True,1
0x0f63421f0a8099787168795a228c51ea973688bc,54.12,475,99.99,8,0,356,No,True,1
0x5d18014f44bb78b5d2f5aac5a0a547f53c2ac592,58.89,294,100.0,33,0,385,No,True,1
0x995482968992eee76d163e7a1791cdbb84e12616,56.47,397,100.0,37,0,358,No,True,1
0x8aeec595cf608d593881af5628358c8a9c655370,52.88,493,99.99,17,0,646,No,True,1
0x0636211443e91468ee3657e1d7faede7059c4843,52.95,490,99.99,3,0,447,No,True,1
0x080a75c96bf646cd9f78aaf8c9869a510e9c68bb,52.14,519,99.99,52,1,499,No,True,1
0x17dfd18987b6b131686fea478600b75d11193335,52.42,502,99.99,112,5,474,No,True,1
0x7dd508a1e4da1243789b799a480f8b45e58b1b5b,52.44,501,99.99,35,0,648,No,True,1
0xa1cad48e9844d850f066376e1f1e04147b16619e,52.91,492,99.99,45,1,515,No,True,1
0xc24fe6f2bae027aeee47390be73d121f18f51bdb,55.25,450,99.99,38,2,506,No,True,1
0x5da7fbc618947d1d20001565cecbf13ffac3c598,53.24,484,99.99,24,0,347,No,True,1
0x52ea58f4fc3ced48fa18e909226c1f8a0ef887dc,53.44,481,99.99,23,20,378,No,True,1
0xbe13084cea1e3c8615f781b85b995c4d95947080,54.84,464,99.99,68,0,453,No,True,1
0x3a8b9b6d9286a42d3956a54dc60ec81c6865ce82,54.31,473,99.99,50,0,485,No,True,1
0x9c72c98535224c3c045a3d27ff981ed5a1d64d6e,52.52,499,99.99,45,1,512,No,True,1
0x4c710b38199f589dd769d36ed52b6d0170cb83ee,54.99,458,99.99,65,0,424,No,True,1
0xd2e1b76f81b71304daceec93f7d55d0a2abe2307,52.45,500,99.99,48,1,507,No,True,1
0xa9811f9f6b8bca7f9f91f850a98310e63fbb7326,56.1,422,100.0,66,0,437,No,True,1
0xd1570080bcb784b4f5e378dfd4cdffdfd6c110f6,51.93,522,99.99,63,5,632,No,True,1
0x5e464b4766fb32ac5f4bf74249d2681d6e00fbad,51.87,523,99.99,63,4,431,No,True,1
0x91a502bae962c2c5da1fec8c4ec69f2a2a84a283,52.67,497,99.99,38,0,363,No,True,1
0xfe4c4a27bed5e9113480c84a177068f7421a1eb7,50.94,547,99.99,35,0,560,No,True,1
0x8973b1a90adf0ced3dbe26deadd5a176ecb548f4,51.02,546,99.99,47,0,359,No,True,1
0x16ce1b15ed1278921d7cae34bf60a81227cfc295,51.51,532,99.99,52,0,672,No,True,1
0x4254c53fc3b3b38df025ea30bcae410e11bb95b6,52.93,491,99.99,46,2,482,No,True,1
0x6ceea0fc41387fc6780aa78125ffde3ece0dc103,51.27,540,99.99,43,54,422,No,True,1
0x8d3ec18dc2c96dafcd0924afe7273892bf4c1652,51.39,535,99.99,46,0,487,No,True,1
0x910c60c049d833a7fd2f5bda310bbea1c5fa3598,52.29,510,99.99,48,1,539,No,True,1
0xcf8e24538e6e8c6d7ca711f84539aeac0892e28b,51.97,520,99.99,47,1,499,No,True,1
0xf196836b53e8f03e32f5186c7909acbb8b742615,52.4,506,99.99,57,2,554,No,True,1
0x881e45c2461ff3cdddeed76487ca61f714827738,52.68,496,99.99,45,0,354,No,True,1
0x98c366dbe6d98a2d6a3ed471608921b03f3abcca,50.76,553,99.99,64,0,458,No,True,1
0x2a1bbcdff7a047d82fc8829faa0d13a8d2cf1dbe,51.96,521,99.99,54,0,500,No,True,1
0x989b79a9c1ddca2f96b5767d1b254a296ce7bde0,52.15,518,99.99,28,0,339,No,True,1
0x9796b9443a3ffbc60eab64f33e368cc19eba4f33,53.17,488,99.99,55,0,597,No,True,1
0x8755f08374bb0bc598681c324913cbde3283ac18,53.3,483,99.99,43,1,476,No,True,1
0xd2033db9c5370ac76abd80823b5c5adc097e2fbf,56.76,381,100.0,67,1,414,No,True,1
0x7e651f5f597436cd0fa941f5ff2cd45ef3f2fda8,54.07,476,99.99,45,0,366,No,True,1
0x0928ae0e403514895b692476f052cecbbdad9ec8,50.07,572,99.99,47,0,447,No,True,1
0x60dd456273cbb018c2222621d4c2dc5016e870d3,52.22,513,99.99,36,0,445,No,True,1
0xc5f705ca8f70acc5f3d3db9636558102f528a475,58.06,315,100.0,30,0,334,No,True,1
0xaf6d4f2f0f4d08b34182234d6c39865b56ab5b4c,51.84,525,99.99,29,0,332,No,True,1
0x4c983614b75fff7df5c82316f23b5aa2d626c65a,51.37,536,99.99,255,0,392,No,True,1
0xfdd88a45ce43e403ba0c0d6774a13b01b6f75d40,49.84,576,99.99,46,6,439,No,True,1
0x5794b0f74828d577a0c9e7d511ef7072db18bfc5,51.34,538,99.99,254,0,393,No,True,1
0xa86d38cd7e65ab4fa17e2985160945ab03d05d0c,51.21,541,99.99,254,0,391,No,True,1
0x25cc275cfe3cce1700e816e00d4cd1f60872038a,52.19,516,99.99,52,1,370,No,True,1
0xf3baeab4afa486991845d5dbe31069265da39d57,51.48,533,99.99,37,0,509,No,True,1
0xc903003f1b4dd87b20d1b8025beff5f1680113c8,51.73,527,99.99,31,0,333,No,True,1
0x6799f3b4d2627fe9bda90e2cb22cd4b4bf7eb291,55.24,451,99.99,10,0,357,No,True,1
0x950786525afc71b58e76f2ba04dcb80385fbef17,51.11,544,99.99,253,0,391,No,True,1
0x3f7bed3d5745c2550f64aa97a4529406e555bce6,51.35,537,99.99,37,0,571,No,True,1
0xa297a06221ab3c846354e7fb1b37eb5da06bda21,52.33,507,99.99,58,6,471,No,True,1
0xcef28ce7884ae973990fb826c1986afaa9319b9a,56.81,374,100.0,40,0,401,No,True,1
0x304034398302bd561dadd28767c0ecaef6b2911a,50.84,548,99.99,251,0,390,No,True,1
0xed7e736851bc65967a65cf1134300c27f39b7648,52.2,515,99.99,50,0,346,No,True,1
0x14d15f15f1151d82e0aa5f2443b7da68f981424c,55.01,457,99.99,71,0,414,No,True,1
0x34f73a47a027bc3c1db642df9ca54625d9b6b77f,50.47,559,99.99,56,2,441,No,True,1
0x41fb250fd5be7cc6e818bf7b54843735e8c64abb,49.66,584,99.99,47,7,513,No,True,1
0x128e5625e15fdba91d6ccb1abdfdc62b5d152b4f,50.58,558,99.99,41,0,690,No,True,1
0x56d79fe635196e734ce29d7a8ccd8014865e790c,52.31,508,99.99,53,0,450,No,True,1
0x019ed608dd806b80193942f2a960e7ac8abb2ee3,54.84,462,99.99,32,0,478,No,True,1
0x7f7ed74ba8d347640a0a4150751879efa6a5c8cf,49.67,583,99.99,49,5,356,No,True,1
0x1e51745bdb4436563097833ba83dcc51109d9fa8,50.41,561,99.99,22,0,461,No,True,1
0x329c54289ff5d6b7b7dae13592c6b1eda1543ed4,51.1,545,99.99,20,42,399,No,True,1
0x94b7a4bf420d2997ec911bf41d90f3b5af417082,51.12,543,99.99,36,5,375,No,True,1
0xa0556e8e8b617f184c6948df2c08ac795036daa5,50.25,565,99.99,44,2,403,No,True,1
0x2a92195a610f21f8da1801ff9756aaa11319ef68,50.76,552,99.99,54,0,401,No,True,1
0xd2602c7bdfc9f413974e944280bbfae275d1b1b6,54.89,461,99.99,57,0,353,No,True,1
0x48f88a8d8e4a9dff33c0a4d857a81a189c2d6e07,51.65,529,99.99,56,1,590,No,True,1
0x53c40473dcdfd927c4201ccfe24e314a7d7c3584,50.06,573,99.99,36,0,443,No,True,1
0x96f57a97c1ba3f23d44dd2f444fd14f40415911f,50.77,551,99.99,37,0,309,No,True,1
0xbed050c15224a53a12815fa79f2b1ef431887eb2,53.65,480,99.99,68,0,427,No,True,1
0x7359d046576e285458c73260cb0172d542c37669,49.74,579,99.99,19,0,337,No,True,1
0x7d4d64a7b34310d5cfc19181b2a526cdcf462cec,51.74,526,99.99,35,0,347,No,True,1
0x19eb4802563676fbff2cd28605a130654c30e1df,52.22,512,99.99,28,0,342,No,True,1
0x24f15402c6bb870554489b2fd2049a85d75b982f,49.65,587,99.99,29,118,142,No,True,1
0x719028736f10164c838ef129936779ed739312f2,53.02,489,99.99,44,0,390,No,True,1
0xdc52350858b60853d93390ab38dee3ce7e147fa7,50.68,555,99.99,57,0,547,No,True,1
0x2fc3fd7c06adfc48736122ea33820038cc16dcdb,50.79,549,99.99,40,0,543,No,True,1
0xb1b7586656116d546033e3baff69bfcd6592225e,51.85,524,99.99,20,52,579,No,True,1
0x0749d1abb5ca9128432b612644c0ea1e9c6cc9af,48.61,611,99.99,4,1,575,No,True,1
0xa8169bffcfc29643781d5d2d0d10cc7fd66ae377,52.41,503,99.99,34,0,346,No,True,1
0x0d6e94d085a597f316be1833649e05a45103e873,55.63,437,100.0,60,1,342,No,True,1
0x0678e836c26abcfcd2b7e49559aa1a8b0f3ad36a,51.64,530,99.99,58,0,419,No,True,1
0x819fec659e1c225ce330b02e01f1e4c629e92a7a,51.43,534,99.99,67,0,381,No,True,1
0x059d0025e4e1bb1a37f2c922e54b139bc1231ee0,49.31,595,99.99,6,0,463,No,True,1
0xd8263b8b277c7df352f1851923125a07a6982540,49.7,581,99.99,69,1,442,No,True,1
0x4599acc33c2c8f47dcb9646d5120a874fcb6b1d6,52.26,511,99.99,5,0,421,No,True,1
0xfb1626c0311392c62723d06fd3c9160404da0f33,52.18,517,99.99,48,3,438,No,True,1
0x7fbde8b27d2b4f164b66f2a9dc02bbd6697e5b19,51.56,531,99.99,44,0,354,No,True,1
0xca5ce67a4cc81875f9e687c24ac81d1a6a2ee841,55.05,456,99.99,53,0,374,No,True,1
0xf3fe8c6c75be4afb2f8200fc77339abe4d7cff33,49.81,577,99.99,36,22,366,No,True,1
0xda31160a4afc898c01a44f2f3b1b880b6356940d,49.79,578,99.99,48,0,346,No,True,1
0x9e4d15e0ecb571e7e66831334519c76130f29636,49.69,582,99.99,39,0,371,No,True,1
0xa5f753272d7157661b36714be0ac7a64ff2f2973,48.47,613,99.99,38,0,411,No,True,1
0xc26892f608b3e97a24149f9c273449416e222060,47.78,632,99.99,2,194,52,No,True,1
0x9109358674f1c9a1a945a1d9880fb7ef1ddc43a3,54.47,471,99.99,53,0,377,No,True,1
0xf05e75e42272ec60ba6157d647924fd2de7a9495,49.21,597,99.99,60,1,487,No,True,1
0x337cfb6e0466977c6419d5dca8fa8b82904787b1,48.68,609,99.99,54,0,430,No,True,1
0x92bbf680e4c1557e888a5f51bcd02749a2df6f3b,51.2,542,99.99,29,0,319,No,True,1
0x9fdee2c1883d46a5c0c72630da1eb7d70bf9c32e,47.82,630,99.99,42,10,483,No,True,1
0xf9e1d1e9f22c96752356adfd377231528c7e851e,49.28,596,99.99,63,0,397,No,True,1
0xc34d931cc6290dae177a6fc645db444a132a442f,49.5,589,99.99,49,1,529,No,True,1
0x513b4fb84df4f8e05c05cdcbbb8d04c482ec0b4b,49.47,590,99.99,49,1,529,No,True,1
0x4a7be1c3890c9b12a413a6c3747a753deb69d4d8,49.02,603,99.99,49,1,356,No,True,1
0x06fa22d76a0205f4972580e63090a97f1c788f67,47.6,637,99.99,41,7,487,No,True,1
0x04bd97d1f9324a11e0feae5f85b0d96dd1a94f27,46.94,654,99.99,21,0,315,No,True,1
0x12cb4ca94136b6e8fb11636c55f47d0885f3dc64,49.33,594,99.99,48,1,528,No,True,1
0x236046d33a156e4537fd9764afbecc8426f18d99,46.55,674,99.99,7,0,481,No,True,1
0x3bf7f65d1847720d08c2bd0d8e2823ef049dab20,47.52,639,99.99,42,9,481,No,True,1
0xded77410241c3bcc3997c1f92ad622b9eacb2c6d,49.16,599,99.99,47,1,529,No,True,1
0x49a7de07d0051961abf7e3d30aabcc4d42716586,47.21,650,99.99,51,2,386,No,True,1
0xb75d08b1bc49f4e2b0e27c7f77aac9bd49333d29,47.45,641,99.99,39,6,490,Yes,True,1
0x9f8af0bef30d33811aedb08f5e642d7b0a176c32,47.84,629,99.99,30,0,328,No,True,1
0x6e0f19c2d538c2123b73b710c0bef48bd05bb040,48.91,606,99.99,52,1,457,No,True,1
0xa6d51779b45bdf1c5b6bd0fe86be2c2d9481e69d,50.1,571,99.99,59,0,409,No,True,1
0x9088ebbc5b0e28076ee1ae578d8823ae813f8acd,48.4,616,99.99,200,0,426,No,True,1
0x7bb9dccc97052ddef05141897fe8313fd4ad0418,49.39,591,99.99,32,0,434,No,True,1
0xce436e5b28918df04ed04d14b06081797e31ed77,49.17,598,99.99,48,1,525,No,True,1
0xda90f94194f093db4f27e10a4d0289cee9602459,49.07,601,99.99,49,4,395,No,True,1
0x22a6a40223d99a1112e9975fc4e4e41726a4805e,47.38,645,99.99,38,7,490,No,True,1
0xcc0d8f409b149b92c089b5a9177331338671501c,50.71,554,99.99,56,0,302,No,True,1
0xc1939cf04d055a33179c80eb7593f024855444cd,48.3,621,99.99,199,0,426,No,True,1
0xd80d57e2d1cbf09b14626ec3974f12c1952917c8,50.25,566,99.99,49,1,445,No,True,1
0x166d720802f189a03f43f3b1132369b0fd9e1c93,47.32,648,99.99,42,10,476,No,True,1
0x8aa4243ef5fe3d6ebe375fa6d47a710266cb0caf,48.34,619,99.99,41,0,337,No,True,1
0x80a00ef07c5889be2c5f6e05a951ee9adb6940c0,50.19,570,99.99,50,1,435,No,True,1
0xa884a2f1a5ec6c2e499644666a5e6ef97b988888,49.36,593,99.99,56,1,406,No,True,1
0xde88d146f61463d582262a1dcdf6ea1323aba34a,48.94,605,99.99,49,0,447,No,True,1
0x77d25848b2396250df5860ae566f7c341d81efac,47.23,649,99.99,67,0,419,No,True,1
0xd85df04c47d6072e84a2f5758d7fdca662da5cce,49.71,580,99.99,37,1,480,No,True,1
0xe5818d70a9b5aed2bfde4e41fbcb07dd80f8fc84,48.27,622,99.99,18,5,681,No,True,1
0xe77587e3a723b1d314c73f77e822b704a3ffb403,47.12,652,99.99,42,8,477,No,True,1
0xcb630c28658d8b4f0509d628d8d947e6f95ea20a,48.65,610,99.99,68,3,432,No,True,1
0x6f0c3105444e9ad288ed64674c12420593a1efb2,47.58,638,99.99,48,7,340,No,True,1
0x12734f36e365ed769b16b4157e26b9ee7180e8ca,48.18,625,99.99,47,0,526,No,True,1
0x00cdebc042c87c95e439e1aefa0bd3a8014da577,52.21,514,99.99,48,0,308,No,True,1
0xa44423295590a9d9f95ab0b1c3e9ff2fd1ffc909,48.45,614,99.99,37,6,412,No,True,1
0x7811df09c3415e99beb22122123932e2fe1ef0b0,48.38,617,99.99,34,0,372,No,True,1
0x1a74d0285a569120aa2836cb2b0fa58038adb800,49.99,574,99.99,64,0,407,No,True,1
0x3670a2e117a463a25de0c21ee0b89068d722c15b,55.21,453,99.99,23,0,335,No,True,1
0x9602c750905b2dd6d5f477d68ff218c7dc5b943c,47.69,635,99.99,46,7,336,No,True,1
0xaf72e36d1d16ae80b6811a99909cb92396d18777,48.48,612,99.99,46,1,521,No,True,1
0xbd7dbab9aeb52d6c8d0e80fcebde3af4cc86204a,47.09,653,99.99,15,41,388,No,True,1
0xcb3cc201e8ce85370f2af36c74abb5da0ec9e1a3,46.71,666,99.99,39,8,480,No,True,1
0xa521e425f37acc731651565b41ce3e5022274f4f,47.19,651,99.99,24,80,347,No,True,1
0xa9fad5a2da799b5d9b12d1aabd15421ca17a19c1,53.17,487,99.99,37,0,512,No,True,1
0xf7d0d608e68a7e970f51e8265eb2a8266d804c1b,47.69,636,99.99,29,7,336,No,True,1
0xf582a7c87888714ca875a70b0971f55bde6eb148,45.7,702,99.99,28,0,349,No,True,1
0xd110421a743a19a6dee233c32417c089b2684f1c,46.14,686,99.99,29,2,374,No,True,1
0xc0b6389713bf59be9e77be9a4e4311fed48c8d38,48.36,618,99.99,48,0,362,No,True,1
0x363abd787ffbb039a51716b756eceb46881788a8,47.5,640,99.99,34,0,527,No,True,1
0x2169ec73eeb5287ed3180b401b6383beaf5a2011,48.09,627,99.99,51,0,388,No,True,1
0x5ecc25d1f658af69d9b59fcaedb2d9ee38254036,48.16,626,99.99,64,0,349,No,True,1
0xcf8b1406cfc9749518b908b19d81c45607ccf162,46.91,657,99.99,51,0,375,No,True,1
0x171814db6dcaa27d2f88b1d31e306abda53e7526,46.53,675,99.99,35,0,596,No,True,1
0x9cd7d1981b3e15a2dee4d512ac60e0579ae18546,49.38,592,99.99,42,0,336,No,True,1
0x7bd0fafe34a8b64afaf16166d644cdbb2b950aab,49.16,600,99.99,28,0,492,No,True,1
0x5d47e5d242a8f66a6286b0a2353868875f5d6068,49.84,575,99.99,89,0,415,No,True,1
0x9fa7d42ef9eb89ef6fabdde88207fbe6afa70626,50.64,557,99.99,36,1,417,No,True,1
0x8726d038c8bf67ddbd7d571895ecba481d649997,45.82,696,99.99,42,7,462,No,True,1
0xd281f988242c900d67ff2aafabe683b8004ee778,48.83,607,99.99,4,44,279,No,True,1
0xd6e3df580ebef6c6fe979fe2e2a9c6edbd5445df,48.99,604,99.99,27,0,307,No,True,1
0x60663af31be6fb5f4c89cc2cca07f0bf3b2cfa94,50.25,567,99.99,30,0,346,No,True,1
0xcdc83283293a2bfa2a839a762d036db6d075725c,45.09,726,99.99,10,0,309,No,True,1
0xf3b23bb212567c174f356437f98544bf13164436,47.32,647,99.99,39,11,422,No,True,1
0x67d6140fda661346ad4785f35412aa43fa3224b1,46.58,672,99.99,37,0,316,No,True,1
0xbc1500daaff721f626ef1a4f1a8c4e333648c5a4,46.22,685,99.99,36,0,386,No,True,1
0x99159db6734d55fb04c005b9ae05671d2883c5ac,45.07,730,99.99,22,0,287,No,True,1
0xa0dd8e6c5440a424cd19f5ec30f8fa485e814247,45.68,704,99.99,7,120,225,No,True,1
0xe9945b3acbdc2f9dcad8871f01aa9dabbb20d882,47.38,644,99.99,31,0,417,No,True,1
0x7019be4e4eb74ca5f61224feaf687d2b43998516,45.56,710,99.99,15,100,104,No,True,1
0x16a1f016a5a371ad096be434b287b1151c4d7cb7,50.45,560,99.99,35,0,310,No,True,1
0x227fd2fd881cc6c99dfccc0fb40f2b1dc2f3f36e,45.97,693,99.99,40,0,501,No,True,1
0x83e28d08f59343cd13ef93bb4423d67ceb80096b,45.51,712,99.99,40,0,342,No,True,1
0x3afb5ec38dc42d310e4552f19da56b13dc2ff8fc,50.26,564,99.99,37,0,305,No,True,1
0x0a256324b1d9fb59d4c490d93c8d5555f2fe4c7a,50.23,568,99.99,47,0,401,No,True,1
0x542dc17159b0b166b4e6dbdd0a7c0c951efbea38,44.89,744,99.99,24,0,304,No,True,1
0x3fb38cee8d0ba7dcf59403a8c397626dc9c7a13b,49.06,602,99.99,10,0,526,No,True,1
0xbb8fb8fe5198f25d117c0e7b1b9c8260cb19c3c0,46.23,684,99.99,46,0,509,No,True,1
0x76d2ddce6b781e66c4b184c82fbf4f94346cfb0d,46.88,658,99.99,60,0,483,No,True,1
0xa1e86151382ec8b34821444fecc10f7d054ede6e,46.64,668,99.99,12,0,314,No,True,1
0x3f170496f84c11668e00c572f391dfc5fbcd1db9,46.44,677,99.99,39,0,304,No,True,1
0x1e39cc29009ed4760c186d8771295c1e224882d4,46.85,661,99.99,39,0,508,No,True,1
0x520cc7572527711b8c50bcefe1d881f8ddb5fe8c,49.65,586,99.99,50,0,386,No,True,1
0xf7399f451f4ab82340f012a27781e9f79c469c4e,45.98,691,99.99,19,0,315,No,True,1
0xaac0aa431c237c2c0b5f041c8e59b3f1a43ac78f,46.74,664,99.99,14,0,425,No,True,1
0x5e4568c4d8343052a06ec8aab1e124af08b73248,46.93,655,99.99,15,0,502,No,True,1
0x73064f6c1c5dad8d917782aec16ab564feb3c011,45.71,701,99.99,51,0,382,No,True,1
0xb6a05c09ae091ea13c41caf6c37eda26cf3260a5,52.71,495,99.99,24,0,321,No,True,1
0x48f7d45fa696dc89ff4f2233b25490455ae19dc2,45.45,714,99.99,40,0,436,No,True,1
0xf42ad66f4b66628584f2e97421a008d62a8f116c,46.84,662,99.99,42,6,461,No,True,1
0x8c868ab6ea5aa8bf37f58376f0a61c3728aef904,46.43,678,99.99,6,67,184,No,True,1
0xd8b40db7267ea9ae42f83711ef704079816b0f43,50.3,563,99.99,34,0,300,No,True,1
0x1f1c29c94abe2b8f06b403cc5a61c479167ebc3d,45.92,694,99.99,6,189,190,No,True,1
0x1e34b42f23871aaf6a8bff113d7241ad6b936ee7,45.79,699,99.99,72,3,373,No,True,1
0xf7e8caefa7a22999aa7a2dfe7be570dbb341afb1,47.76,634,99.99,39,0,308,No,True,1
0xdaf45073a54cf4afc3122bf39d26e9620192f1b4,49.6,588,99.99,43,0,375,No,True,1
0x5ffff94f7557f3e95b36210623cffd4bf1b1c064,48.32,620,99.99,31,0,294,No,True,1
0x5d6ddbb7252681c0203e375284f202cf1ede8eee,46.55,673,99.99,51,0,338,No,True,1
0xb9ea5623ad4339c0fe09d16b1abfc47498e70dae,46.6,670,99.99,35,0,266,No,True,1
0xe58585b22cc2ac4270a2b92c2d2d8c5db5a3330e,46.92,656,99.99,29,2,455,No,True,1
0x615ff929f833d0ded0287fb4ef19dc83ef5bfad5,47.81,631,99.99,30,1,291,No,True,1
0x7ea9b8ba0d889ba42458f657ed27244ad593dfe7,46.88,660,99.99,67,1,369,No,True,1
0xa3f066285ad422407acbf6765fc1a71505bc610d,45.8,698,99.99,60,4,389,No,True,1
0x3be9909766f2d5c3bf3e587ff4e53790ba4e40af,45.39,717,99.99,55,0,376,No,True,1
0x82c1a36cfad0b937db02e38e98efaf9c002a02c3,44.75,753,99.99,15,0,307,No,True,1
0x91628ddc3a6ff9b48a2f34fc315d243eb07a9501,44.66,757,99.99,11,106,235,No,True,1
0x8becd7ebf3f910090f9264dfd0bb221ea04af8c3,45.45,713,99.99,9,32,295,No,True,1
0x12b581d51c95ad0bb8824e31ce588df0429a5c0c,51.27,539,99.99,36,0,304,No,True,1
0xa788e0586409fa4eaf986e24604003adaa3dcc9d,47.9,628,99.99,41,0,324,No,True,1
0x544a40955ba1c7e56e161a59e1319e3313c25251,55.36,448,99.99,28,0,310,No,True,1
0xc47ecb8853f5916374a9e805fb3732fe8b7d5758,45.18,723,99.99,1,113,86,No,True,1
0x90e0d37f59b4d3202880d2fb17f3e50b7056f762,43.99,779,99.99,19,53,126,No,True,1
0x9f9ebce72c0715cdbad4d589986eb22f6782a1ce,46.24,683,99.99,73,5,308,No,True,1
0x565ef6cd1d7ae856ff3d8a52607b8a0d81bf7e0c,44.08,774,99.99,35,0,389,No,True,1
0xa77797a13930864d35cd7c53d0830aa775bb181b,50.22,569,99.99,44,0,352,No,True,1
0xbc04652b7657e9a7c2778f04b425683955de88c1,46.68,667,99.99,46,0,414,No,True,1
0xf8d427a26d6634ca085685bb520dd085bc3d22b4,45.19,722,99.99,187,0,397,No,True,1
0xcdaa63e7762d078c07f344eb05b1d6c792fff2e5,46.47,676,99.99,44,2,372,No,True,1
0x3158ede7ad7680df78541af3ca60b4d09dfcf41b,44.2,771,99.99,39,6,442,No,True,1
0x004ee4f2e7c94f313f4701f9755dc0171cbd6721,46.05,688,99.99,22,0,297,No,True,1
0x576eb27cbf54518d3de5a38ea7746ef6a9b8b5e6,45.58,708,99.99,84,0,379,No,True,1
0xfe107523a9c4814ec70c2fbffbca82e531d96d11,45.0,734,99.99,186,0,396,No,True,1
0x269131c4c54efcfe90d7ea2f22950ebdbc3a146b,44.99,738,99.99,185,0,397,No,True,1
0x9f3c061270c4492bc65bf976762742a861e6236a,46.39,679,99.99,58,0,355,No,True,1
0xa57a0f70e226a9cfc07bb89bc3900a399503932f,51.7,528,99.99,22,0,311,No,True,1
0x9bdfe468ed0d21ce9290e4b84575208e36ac0609,45.72,700,99.99,52,5,389,No,True,1
0xc134f280c35dfd5ccd47ea1584e987ab64389fc6,46.39,680,99.99,56,1,398,No,True,1
0x15d693444abd97710437de8b9bc271137994cf5e,45.15,725,99.99,49,0,391,No,True,1
0xa32e1e9dfc2f4c932bdee317de7dac87f95fb66a,44.82,749,99.99,184,0,396,No,True,1
0xd0ac50d9f7516be16e2449539394a3967bea03c7,44.52,762,99.99,60,0,385,No,True,1
0xcbb54eda2048b57d1b0afb19a73948e9d58b6973,48.79,608,99.99,41,0,363,No,True,1
0x9dab43bc15bd29cfe3030ca1b7edb3eeb9f3b6c1,44.38,767,99.99,3,0,460,No,True,1
0x7d3bf2cb39f5ceeeca91ecc8201dc01616ad089f,45.3,721,99.99,78,0,517,No,True,1
0x7a3c2b884b93e4015f30cf0b700f9e54ba520995,44.75,752,99.99,184,0,395,No,True,1
0x5563db9858c9462396af6d3193c826dba1e1da51,43.64,792,99.99,9,0,297,No,True,1
0x841ad0abab2d33520ca236a2f5d8b038addc12ba,46.27,682,99.99,47,2,386,No,True,1
0xf5a10127c41895358f1a617aed7cd846ca90d392,44.72,754,99.99,187,0,390,No,True,1
0x14ded26106859aacfe0b658f4c101b13dded952b,44.72,755,99.99,185,0,393,No,True,1
0x6df76a4186cf6605839c55ec247cdd59b4cff508,45.04,732,99.99,44,0,343,No,True,1
0xaf11b3b0ea9c697e92abda3d89d5c942fd4e335f,46.74,663,99.99,50,4,356,No,True,1
0x8f32e75ab8b2165e452e80850fa6ff8869d49d19,46.62,669,99.99,34,0,293,No,True,1
0x9b19bb1fbe8978d8a2454cc3b812dbf1341e03b3,45.34,719,99.99,24,0,278,No,True,1
0x8cdfd78c8829c94d0d9b1d4ba4ef1011f80b5234,44.62,759,99.99,184,0,393,No,True,1
0xa6b1f5959b2ec60a95409702e183f9ed4cf009e5,44.64,758,99.99,180,0,403,No,True,1
0x547d7ef04c005a44a3cc89109d2cc78c85679586,44.84,748,99.99,41,0,343,No,True,1
0xe3f97e97576b4edaf30008a2586f9fdd417a745f,43.37,806,99.99,33,0,375,No,True,1
0x28c118cb932bd3037634789b0a780f6b01e77fad,47.76,633,99.99,41,0,282,No,True,1
0x164a8379198a8d7155a1f0eab9baa256078d378e,44.99,737,99.99,59,0,403,No,True,1
0x0e1b549ecbda4c7a2e29939f5b8cfb4bee1df85a,43.85,786,99.99,30,0,319,No,True,1
0x3016a4a41d1ba5c82ae6d1217742467c9b3c5900,45.07,731,99.99,32,5,377,No,True,1
0x2d4f70d69a292e6d86934fa1ad7341e89ea7cbf9,44.42,764,99.99,184,0,390,No,True,1
0x177821cbe97b3eb0a20de1fd534bc7160cbcd76e,45.97,692,99.99,57,1,425,No,True,1
0xb6d17997af674ef938bb3ead45bcbb54284a9a9f,45.54,711,99.99,29,0,290,No,True,1
0x2f1121edcbce01b87a26888dbdc4f021a10f9390,44.41,765,99.99,177,0,404,No,True,1
0x9a74ec99bd88eca680485da7f32fca05af375dcf,47.43,642,99.99,45,0,371,No,True,1
0xb407a627a922cef3455cdedf7b4adaa145f5d1ad,45.08,729,99.99,20,0,284,No,True,1
0x4095f2b8dc6a18ce295699b0ab6ca16980881e48,42.7,835,99.99,52,1,335,No,True,1
0x050de5d3eef70a4685e1db962500f463939efdb7,43.65,791,99.99,36,9,430,No,True,1
0x1be693074c32541919bba91ac873464a29c09d68,44.89,745,99.99,46,0,357,No,True,1
0x8c01527c46f0add00d4b52110b74e4a883590ca7,45.0,735,99.99,36,0,360,No,True,1
0xf15a4c2eabd5780688db52d5d6dd7bf3027d83a4,42.24,853,99.99,36,0,276,No,True,1
0x4939c26c681706f0e780204c7414ae998758a12f,43.82,788,99.99,53,0,363,No,True,1
0x952c23f8f067a5e7e165ff0e42491f51d87dbc95,46.11,687,99.99,85,2,407,No,True,1
0x972b8ed609d5577739cc585bc0ccab03aee621af,49.65,585,99.99,25,0,284,No,True,1
0xe7cf8fce5e83e07e56e2ebfeb7651f459c47217b,44.98,739,99.99,32,0,488,No,True,1
0x7750b18cc5398f2bdde8dd368762d85e764497ec,44.06,775,99.99,36,8,309,No,True,1
0x0972ec8fe3c691dbdf2277612148c97a90111857,44.94,741,99.99,19,0,286,No,True,1
0xcd628cd098358c453bcc7cdbc03678f5c2b9a167,44.0,778,99.99,185,0,382,No,True,1
0x21dbf2e0a5f377f7098439b64fb5a67a5d18af45,43.89,784,99.99,3,94,417,No,True,1
0xad95a5fe898679b927c266eb2edfabc7fe268c27,43.46,803,99.99,5,167,1,No,True,1
0x8c155a38df395fc6c913e1eed4463c03055ffbca,45.08,728,99.99,49,4,300,No,True,1
0xbf760fd4535fb211e5c6881b28283b60d1a059bf,43.06,813,99.99,25,0,431,No,True,1
0xefd67615d66e3819539021d40e155e1a6107f283,45.56,709,99.99,67,1,396,No,True,1
0x8e2f7d5aaae5abbd5052acb74019b9b11cb74349,44.88,747,99.99,25,0,450,No,True,1
0xb0e83c2d71a991017e0116d58c5765abc57384af,43.63,793,99.99,50,30,402,No,True,1
0x155b6485305ccab44ef7da58ac886c62ce105cf9,44.8,751,99.99,28,0,428,No,True,1
0xa2f8cd45cd7ea14bce6e87f177cf9df928a089a5,45.63,706,99.99,6,0,356,No,True,1
0x25ad2667b19e866109c1a93102b816730a6aec3f,43.94,782,99.99,64,2,422,No,True,1
0x2b5a0be5940b63de1eddccca7bd977357e2488ed,44.89,746,99.99,59,0,365,No,True,1
0x939bac3bad78752763be4dd1da19e8e70995a408,44.46,763,99.99,42,0,403,No,True,1
0xd2ff37357b09c9cb698ca9773400e44195bfcfe0,44.95,740,99.99,19,0,285,No,True,1
0x00951c1d1241f9be0ef5a55a1755fa49c5629ebd,52.29,509,99.99,41,0,296,No,True,1
0xae256cd2d13353e549d09aea8d4105c8d1cc09d8,47.34,646,99.99,46,0,314,No,True,1
0xa3850b47183e78195d19e082cc07eda3370e575f,43.54,798,99.99,26,0,292,No,True,1
0x5cfc2c648ba36144644758f8d39553c0ce355fc6,44.16,773,99.99,41,0,402,No,True,1
0x6cbc8648f79f76e9301ff12b96c429cacd2ee776,43.53,800,99.99,177,0,387,No,True,1
0xcb53a818042db647cb01672751b0e4efca29cf55,44.81,750,99.99,68,2,338,No,True,1
0xf519fca4609a234c51624a75b7790465cbf8834f,43.02,820,99.99,21,0,273,No,True,1
0x4ac4ff89b9d4b3daf54942e3df63751a4a54c735,45.43,715,99.99,45,1,329,No,True,1
0x1471a70998d62ce884cbe552cd6bf1649b5c481d,43.4,805,99.99,183,0,376,No,True,1
0x4c45758bf15af0714e4cc44c4efd177e209c2890,42.91,824,99.99,13,61,82,No,True,1
0xb91e8c6d109802965af67950ec13d7bae8495408,43.89,783,99.99,41,0,443,No,True,1
0x1e5af7b64cecd78f0141450e942f19b1935c495e,43.98,780,99.99,47,0,388,No,True,1
0xb8a9c37240e8b72f42a88f1099e6c61dc3e96756,42.48,841,99.99,47,1,421,No,True,1
0x8168363c12488275050f75f4decd92b773f637f9,42.04,863,99.99,50,0,350,No,True,1
0x05a7eb929209f5c1f2f08dd087b64bb1beba99fe,45.34,718,99.99,37,0,293,No,True,1
0x01ec4a63e8bd579e1a2cea4763cf3a5da5e48e8b,43.62,794,99.99,76,0,367,No,True,1
0x5f4ef5c539a56291665fcca4e6b7a6446ad11cc1,42.25,852,99.99,43,0,502,No,True,1
0xde6ef31cd07d55f01a1d906747325c3a47c4cbb4,43.53,799,99.99,31,0,293,No,True,1
0x8864486c1be43143b2fb2992777ba0b85129f3e4,43.05,814,99.99,41,1,402,No,True,1
0x4131826eafdcb7dcd855fae9098ec693165f157d,43.1,811,99.99,33,0,464,No,True,1
0x65813baedfd68029af5382672b0e4dd2e6f27952,41.34,898,99.99,8,0,393,No,True,1
0x909f9ef8a242e2df9c65c2535f3521e9bd5212eb,43.29,808,99.99,57,1,367,No,True,1
0x31b88926d15f8b0f0d57a85070f382541dca226e,44.71,756,99.99,54,0,329,No,True,1
0x8933e40728ee4e2493f09faeaecf98018199172f,43.05,815,99.99,181,0,378,No,True,1
0x86f5badc9fb2db49303d69ad0358b467cfd393e0,45.09,727,99.99,26,2,475,No,True,1
0x543b65d285d708b6f23d667a0cc554fb22b458d7,42.87,826,99.99,55,0,381,No,True,1
0xd9220628480f074fe8d1d9a493c0369e6c4fef0a,44.61,760,99.99,62,0,374,No,True,1
0x214865f51f3181c556513912f5014175121ecbe4,42.05,862,99.99,37,5,424,No,True,1
0x1b3dff537b7d46a0d30b1d20b101c483586747aa,43.08,812,99.99,52,3,372,No,True,1
0xad742059c1536dabd8bd51134aa83b7fc7380a27,45.31,720,99.99,34,1,316,No,True,1
0x38f0e547f6f617967b88043dd77195514ef85eda,42.76,833,99.99,52,0,341,No,True,1
0xe8f72382109af3ef787cb9ea983ce33c741b3db4,42.92,823,99.99,37,2,312,No,True,1
0x422875df5170a421897e6af87d77fc1a78ba2d1c,45.98,690,99.99,47,1,347,No,True,1
0x03f09100415c7dae68577917a0759d57a14457ac,42.88,825,99.99,174,0,386,No,True,1
0x2805ddf1dfedeca06752907f493f5a5c9bb2c902,43.03,818,99.99,51,0,371,No,True,1
0x81cb7a3b214af3c397575d175c29dc5b92211895,42.34,847,99.99,44,0,296,No,True,1
0x17cf5522f1283c44feff7932f199be23a36f2cc8,42.84,827,99.99,175,0,384,No,True,1
0x34d2ac3b0b8483a77e982c924cd71cf0e72429ce,41.69,883,99.99,25,0,297,No,True,1
0xf378fdf633849099061a79bdd17071aa92572144,42.22,854,99.99,18,1,275,No,True,1
0x74075d1a2481f25343b32bb1a7bf6336ee42b016,44.41,766,99.99,47,0,390,No,True,1
0x1f14c2f40400471fb4a3aef1390f6bbbf2ad8f99,41.97,869,99.99,66,9,435,No,True,1
0xbeb439195367d87184733badb1f4f26a7df9c576,48.43,615,99.99,42,0,327,No,True,1
0x27695076ef87e7749ee7ca387f47549ee55dade3,43.58,796,99.99,39,0,398,No,True,1
0x2b29833a831207a3b92102b0708b32d624aa0f65,46.03,689,99.99,40,0,300,No,True,1
0x00fddf15962fd7a4381e83dc82645cf2a45db33d,42.59,838,99.99,44,0,294,No,True,1
0xfc55274d4b5e885180403584bc9a3b68022b8a25,43.52,801,99.99,34,0,301,No,True,1
0xec815e2209cbd0a34dd1c0dd4ee8f26d8f93cd46,44.18,772,99.99,16,0,319,No,True,1
0x3c496d97c4d59eedcec93f44eacd104619159a67,41.53,892,99.99,44,0,324,No,True,1
0x706d961ab69d54a0fcbaa13e77842279a5724139,42.73,834,99.99,69,5,351,No,True,1
0x98488c8a8005e8cae743d571d2a0f87db288ea99,43.96,781,99.99,31,0,315,No,True,1
0x36a4abca1028bc49a614e3c6e284224f628ed01c,45.8,697,99.99,24,0,345,No,True,1
0xcfe856e0df0f3950fb118a5ad22b4021aaa60e9f,42.67,836,99.99,38,4,310,No,True,1
0x8dcdb2db0268cde7b5c55492ef31e4fa3d187ac8,43.86,785,99.99,30,0,316,No,True,1
0x58885c86f27c3c811bc6a49b22fa6c807b0efb4d,42.33,848,99.99,49,0,376,No,True,1
0x13a5e7bde7477616c953ac4d4a1a82f751053efb,47.39,643,99.99,51,1,333,No,True,1
0x69b5b2b2cd11db8c7ea7f9f042f39423497b8efa,42.47,842,99.99,39,0,402,No,True,1
0x3abdb6c900c78dc1856798e63952991d2d648280,42.54,839,99.99,36,3,310,No,True,1
0xa8db4f9c8e33019a72af300f03b936c35b3e75e5,44.94,742,99.99,64,2,324,No,True,1
0x5594d52d1f83e50b4c765d3b85802a844db228d8,41.02,913,99.99,55,15,229,No,True,1
0x4dd6720d2bb8721a46bdf9a528704164578e03b9,42.81,829,99.99,33,0,289,No,True,1
0xb5311bea5b3f66288d4b9d47a0c8a4bd9cf33714,42.38,844,99.99,173,0,380,No,True,1
0x5141a72130dddf729a5c9e86b780a3c03fa8f549,45.02,733,99.99,33,0,300,No,True,1
0xdfd0c50cedede32e72acfabbc9e34e59c743bd55,41.75,878,99.99,34,5,389,No,True,1
0xbb7bb43af885549f1bbf5724213ee48b40ebee83,43.11,810,99.99,41,0,385,No,True,1
0xaf55cf23c8cab7eca1160f372a11b5de073703c1,42.21,855,99.99,172,0,379,No,True,1
0x121ac669e4c99ef4673b22d57431b3a521292f2c,41.92,872,99.99,34,0,570,No,True,1
0xe0ae8c3d3081d77849f7f9e4b96ee3b5ea478825,42.77,832,99.99,30,0,273,No,True,1
0x12cd3dca194161fe3535755075499f115982ee63,43.05,816,99.99,41,0,393,No,True,1
0x0dd83843d0fe2dd9470201179b1b9fff28e75aec,42.15,858,99.99,172,0,378,No,True,1
0x2a6ec7eae877d36f446213f14df95f2e1b81cfd2,42.09,861,99.99,1,254,0,No,True,1
0x2ae9070b029d05d8e6516aec0475002c53595a9d,45.69,703,99.99,2,0,325,No,True,1
0x3b6967e7d0f4309cf08ab6a4a88381f3da035248,42.02,865,99.99,172,0,376,No,True,1
0x259ae99f42509a851d4ecf54151c085ba103a1e3,40.51,947,99.99,8,0,278,No,True,1
0x06f398ce76acc1fce97b7cab0eb2a96ba9230c9b,41.96,870,99.99,68,1,370,No,True,1
0xa927a9d9908f6470207ddf453afb03b30df4c308,41.98,867,99.99,171,0,377,No,True,1
0x63a370abfc8ed6132025f6dc8244ddf6205c174b,44.33,768,99.99,42,1,359,No,True,1
0x6b759bf480407d19c8903c16023c706868c29a2a,45.63,707,99.99,47,0,271,No,True,1
0x766c64d809056fbb492fdb410a6b4857c015619a,41.55,891,99.99,27,0,470,No,True,1
0x992fb4f41663388cc611e8ef25e714a1541e456f,44.27,769,99.99,59,0,364,No,True,1
0xb47116c96385ae3796d8bc25629b662d6df58746,40.99,916,99.99,34,5,412,No,True,1
0xfabe6c1b1be983811d1616bec49f679e1d8e928e,41.09,910,99.99,39,0,314,No,True,1
0x18e9664a094d8d134bb3bae84119305afe308ece,43.19,809,99.99,51,0,312,No,True,1
0xe9acf4da1d412e49e6c171cfc34838fcb1066ead,43.36,807,99.99,56,2,297,No,True,1
0xf30fc56264d65f241d5b2f0c861bbff7555656b9,40.84,921,99.99,33,6,409,No,True,1
0xc7c380c8fefa2438332b75f2f6050a3698a0e741,41.82,876,99.99,172,0,373,No,True,1
0x98a769898170076c334ba5d1e156028aefd9def8,44.04,777,99.99,31,1,306,No,True,1
0x6dc287b8892fa706360d11bcd59bbc190486a219,44.9,743,99.99,32,0,271,No,True,1
0x8e60a08652a1dea4156da326e4034570918f7722,41.68,884,99.99,1,252,0,No,True,1
0x12ef58947285f01ce8d8ecd90b3ea384b022cd1c,43.77,789,99.99,35,0,330,No,True,1
0x1ac81fdcd10b27d2af73ef0f097159cdf0f0aa8a,42.5,840,99.99,39,0,382,No,True,1
0x0de92626498717585f06e5bf5b85a7a88872f5b3,41.98,868,99.99,32,0,461,No,True,1
0x79e684a001fdd917fe61bf0643d5800956c91a83,40.72,927,99.99,31,0,433,No,True,1
0x4f5c6984e114d654c90e85dd4e2972920c625780,41.62,888,99.99,170,0,373,No,True,1
0x3b78637e124f302ca73257ea6babc705ac0208dc,42.04,864,99.99,36,0,278,No,True,1
0x3dd8805ca4aaacebaee55cc3b4d81d3a72317844,46.35,681,99.99,32,0,278,No,True,1
0x871f20958f5aaaad34f6d43502846e7a9491d976,41.55,890,99.99,168,0,375,No,True,1
0xd12f7211071a20ce76bf9fb8e069036b6fb63c6a,39.87,987,99.99,59,1,294,No,True,1
0xc457ff8d72166a851aebc8824c4ddf517a55f336,40.1,975,99.99,14,0,258,No,True,1
0x08420b20df9259f615367535da31cd609bb1cf07,41.48,893,99.99,168,0,374,No,True,1
0xcfc36d000ef5f72d212bbeb6c847a9a78d9b169b,43.54,797,99.99,49,2,394,No,True,1
0xe65c2be6254731e93368cc071a2420b0c961451b,40.69,931,99.99,7,0,411,No,True,1
0xa3632dd93b046817ae313a22a0e76cca971499e7,42.93,821,99.99,55,0,416,No,True,1
0x618ee1b1276781cfc7180266aaa737ab8df48518,42.8,830,99.99,46,8,337,No,True,1
0xb748d7e2900601abb02552e373b0da243ef2b850,50.66,556,99.99,20,0,301,No,True,1
0x50d2dec635c48f5e8cede341df87c651c6cd5318,46.6,671,99.99,57,0,279,No,True,1
0x59fe0c702e9a2bb773ef6c97f9b30436d1f74aea,41.39,896,99.99,171,0,368,No,True,1
0x51cb9d27b98a84318859704c1af63088ab86592e,41.92,873,99.99,46,2,517,No,True,1
0x95c557a0c04d0d91a1672f993d2660afbf6db39d,42.27,851,99.99,31,9,292,No,True,1
0x60913b55ae54c325be3a8960536f1266aa648197,40.81,922,99.99,29,0,527,No,True,1
0x57d707fab0d9c2dd4f255f1814cb156bd3e099c4,42.17,857,99.99,27,5,318,No,True,1
0x491e83d1f86d1f753050d17becfba1353cf3dfa4,42.44,843,99.99,42,1,396,No,True,1
0x84b4fc4818b865cae1bc241ebfcc930d9bddee02,41.73,881,99.99,19,0,306,No,True,1
0x7b1e8b4c96982d828ec3d99bb4d5951ac62d94a5,44.57,761,99.99,48,0,301,No,True,1
0xdf2adf272e40fe277321b21aa58ddccc3bc648ee,44.22,770,99.99,32,0,293,No,True,1
0xe6ec7f3155bf378a24b93677eff2ccf05def231d,41.73,879,99.99,60,0,312,No,True,1
0x1a7fc76f1ac7fecb71256a79482dd5ad879f293a,40.39,952,99.99,6,137,123,No,True,1
0xbac3ab60a1643e5f5de8eb62cb4bb232711d9dcd,40.79,924,99.99,2,118,51,No,True,1
0x67499af7d3de89efeb8934386316947d82dfc510,41.25,902,99.99,169,0,369,No,True,1
0xd2f7bb62504fbe33e3038bf2fefaeab42bad88b3,41.2,905,99.99,47,0,352,No,True,1
0x5dbc6208cc2ecb91943355486987ab89b6e7dc2a,44.05,776,99.99,38,0,306,No,True,1
0x2d59309df7ab517e554b5e9033f7950d57801aff,42.6,837,99.99,55,0,412,No,True,1
0x95100e115de93251bfb5450dbf798e7504f885c7,56.91,368,100.0,22,0,315,No,True,1
0x61c4d254051cdbf86dc71d13070a1b6e9abc2489,41.99,866,99.99,40,0,370,No,True,1
0x45f233399c7e79b459722053cf96cbe7155b206a,41.71,882,99.99,56,8,314,No,True,1
0xf4c6f1214f6577f5ea254656b9f6ad869217b658,40.81,923,99.99,21,0,281,No,True,1
0x89a1d730aa1e78a0ede8dea988acecff0a6e99a9,44.99,736,99.99,11,14,333,No,True,1
0xbe042ef3fab06b43a1874a79d18d20b7f1468dec,46.88,659,99.99,36,3,348,No,True,1
0xa8fa325872a3929fa7a3bbb6bc7ccfcbaadf2cfb,41.18,907,99.99,65,8,337,No,True,1
0x26c75762dfa660acebadcce7f90ef20be3224d3b,40.22,965,99.99,50,2,356,No,True,1
0x6f51697ce325582c1a303baf4e3599a84832945b,39.91,985,99.99,1,179,0,No,True,1
0xc77af77ad225b6b84a698978c10bfd8ed8fee692,39.66,1006,99.99,27,5,322,No,True,1
0x41477a57a8916237a8ff512ba3d9bf487d9cbb79,52.58,498,99.99,48,0,345,No,True,1
0xe099d39b893f81cacab91436549d22ef8171d4e0,41.93,871,99.99,24,0,324,No,True,1
0xf85d8b1db1f0820cdaa99db3dd75559960e322c1,41.73,880,99.99,47,0,360,No,True,1
0xbab8adae732cd3588f51f3050decfe2b79a3a973,40.92,917,99.99,169,0,364,No,True,1
0xf6d639fcdd2467139976675fec588ba970e7e599,41.36,897,99.99,61,8,281,No,True,1
0xc2d70ffe112d9b18c8e093b05c2f785b1ce7cff2,40.16,969,99.99,43,1,311,No,True,1
0x365c59e3479e1edb76a6614048b75696ffb5acf7,40.89,919,99.99,168,0,365,No,True,1
0x57fe9849b297af6e3182d5a893f22369a4f19b84,39.42,1017,99.99,40,16,222,No,True,1
0x7f7ad73518c490885723b425a998921bb3cd309a,43.48,802,99.99,37,2,341,No,True,1
0x2917634fd7319c38d377fff1d9ccac4505921339,40.7,930,99.99,54,13,370,No,True,1
0xed1e28a76690bfa83ca01505ac1d4ed4ab23272c,38.88,1048,99.99,14,0,258,No,True,1
0x359ab6f45a005a3f6e41327c705ece4e27f0dcd1,39.38,1018,99.99,43,15,225,No,True,1
0x38048af4da7d79d2b553836a6d4950d0ac4b60f7,45.16,724,99.99,7,0,395,No,True,1
0x30bcf4c98e6967eb7e9a2166df9a9b95848881f2,43.04,817,99.99,39,0,276,No,True,1
0x112e3e9cc361183c37a59a6172916ec8ce0d08eb,40.76,926,99.99,166,0,366,No,True,1
0x39f143851cd023a58a324fd2c9ed49c2cc916f30,39.62,1007,99.99,1,111,0,No,True,1
0x16562e41112bf3f574a82cf17ad04ef3afdcd1de,40.5,948,99.99,63,7,345,No,True,1
0x81f7c3796f4b024b6700a0134a1c509acf920324,41.04,912,99.99,51,0,260,No,True,1
0x9a2a0b906b6aa0ff5882b0feb9240a6749051979,42.32,849,99.99,33,1,338,No,True,1
0xab6f255dac71103ea6d57b320eaf0eec901b05aa,40.64,936,99.99,69,0,404,No,True,1
0xc7fcae1e32c6e2dca1403ddb4aac71c29905968b,42.38,845,99.99,33,0,377,No,True,1
0xdd62107b880489c9183b01bc231de0631fd050c8,40.14,972,99.99,42,0,275,No,True,1
0x6d8d524dbe93b62995285d6be5fbf3d0ccc0f2ff,42.13,859,99.99,56,2,283,No,True,1
0xe7a2e3c4e89e454606409c40d6c63dc5e2addcbd,40.92,918,99.99,24,0,314,No,True,1
0x7ade95a44a3dcaacac4efa554167ac4a29528adf,40.56,944,99.99,172,0,354,No,True,1
0xe78c9c0f0e54ea0231fb4310c6345f19f06a3b7f,39.15,1034,99.99,50,17,212,No,True,1
0x9fefb01133f63d81b10bca1ee47be40ef6535443,41.44,894,99.99,43,0,281,No,True,1
0xf20bb1ea28a496db525efbad28a23003c9d73724,41.3,899,99.99,38,0,366,No,True,1
0x451a2f23b2a18f11ace266c4fe3943aea0d92cac,39.71,1000,99.99,26,0,435,No,True,1
0xde255aeefd61d58eb2ee99c8fd08c4c46213a734,41.41,895,99.99,31,0,283,No,True,1
0x6e832478aa89fb4507862b2955a3ef3a9fbaf3ec,40.64,935,99.99,23,0,328,No,True,1
0x971e23dd0ae3c145a8120fa377fadfc27940a03a,40.42,951,99.99,36,0,277,No,True,1
0xbcc7e64d6b522ef804450000f5bb8d944c7ddd01,41.27,900,99.99,39,0,365,No,True,1
0x7a7a7930d462b959e5d1b34b0a34ca2452dcb1ab,41.84,875,99.99,43,7,319,No,True,1
0xd8f7a0cc1baf9c56f9b48d3de836a21dbc979f1f,39.29,1027,99.99,53,28,308,No,True,1
0xaafb55532b94cf47b5ffabddd5aeae3e5197a521,41.2,906,99.99,32,0,276,No,True,1
0xc292573d51097347ba34bec624fd088dd3d0314a,41.04,911,99.99,33,0,318,No,True,1
0xab769309ebceeda984e666ab727b36211ba02a8a,39.09,1039,99.99,64,0,267,No,True,1
0x20b3fb70cfeb01ac7ea11a412572848139a2b748,40.99,915,99.99,24,0,333,No,True,1
0xaf694d15d57206ce52894e8e95294747145cd19f,40.29,960,99.99,34,0,272,No,True,1
0x65ae5db4c367d89ac8f60d202b61046604e717e9,40.6,939,99.99,10,0,274,No,True,1
0x3c5c18b07fc1f84fedda417d99afb9954936f055,38.78,1058,99.99,38,16,219,No,True,1
0x205f12866dea6efb18fc2f62f1c59a59c4755ede,40.27,962,99.99,33,0,358,No,True,1
0xbd90f0243173e91385224a8117212d17c2e9e494,40.22,964,99.99,37,0,355,No,True,1
0xc2d1369b3d2d9c4261f8bc6b406e18c0c722bd7a,38.7,1063,99.99,10,0,266,No,True,1
0x38f0c7d7e92422b68f2d5b4a388c05df6d531f52,42.11,860,99.99,49,0,320,No,True,1
0xace32e36e3f0ebf08c793bcf390e42831c5dd449,39.23,1031,99.99,54,1,369,No,True,1
0xa0773d10b691653a0ea4c7c9fedff6b4ca0cb5b2,40.72,928,99.99,31,0,264,No,True,1
0xd2ea42a69287a0a1bacd9259fbbd61a5db977248,40.88,920,99.99,70,2,369,No,True,1
0x6d25a1e9e176ab058e0f19e67bcbcaac2be96fa9,39.72,998,99.99,35,0,373,No,True,1
0x71f05a99e85c7ffb236c21e41e8324f8c733bb38,42.93,822,99.99,21,0,265,No,True,1
0x5c08e14f5741ff7ceea43de66c3c5008b1355e9b,38.67,1065,99.99,39,4,346,No,True,1
0xf84dabe76b1a95413c322eff45e9768f732d1975,39.91,986,99.99,43,4,304,No,True,1
0x5d942f6091b71c51afc9461297097ca4743cd288,45.41,716,99.99,35,0,277,No,True,1
0xeeffa0e9f1e40968fc0e8fa40435fb64df0fb3a8,39.86,988,99.99,163,0,357,No,True,1
0x658191594cda88744d8158813029420dcf137a32,39.8,995,99.99,46,0,265,No,True,1
0xf69f3f81f9f99b183fdead8266f5de10d91a2a36,46.72,665,99.99,20,0,285,No,True,1
0x48a0096b26fe285138b294afe0eb1dd705071dca,41.64,886,99.99,38,0,279,No,True,1
0xa8768bd086c02c00d31bdad85fae96a13e7e62f9,39.8,994,99.99,163,0,356,No,True,1
0x27b0fc6c4a5a0cf213a570097279a5bde61214d2,40.38,953,99.99,65,2,408,No,True,1
0x83e5e36defdfc754b9a775a7d7488fe247ebef29,39.43,1016,99.99,87,0,173,No,True,1
0xd5fae9a76de0bf1063eee5d4ae05be77cb08e68a,38.61,1067,99.99,29,0,436,No,True,1
0xada29d37ef1ac3df5d76413ecf752013f7870202,39.59,1009,99.99,33,0,348,No,True,1
0x64f8e38e19c1b6992969dcd5769c149951018af1,39.56,1011,99.99,55,0,383,No,True,1
0x8b344c63ab88b731d11390a069e38aa33e3934b8,37.53,1149,99.99,3,0,261,No,True,1
0xb809ca404338812792c371a4a78d71739fbcbcc2,39.38,1019,99.99,40,0,332,No,True,1
0x0927f0f48e1302fa855a1847580badc09f942929,39.66,1004,99.99,163,0,354,No,True,1
0x5894e632df1dc87cd88c5ff7c5f3f299628ad659,39.66,1004,99.99,163,0,354,No,True,1
0xffd92144cafd599a5a93e4805ca4d8f0e666d623,45.66,705,99.99,54,0,266,No,True,1
0x7e0305db11088ec12ab00b7d68f26ab31f722027,40.77,925,99.99,39,0,277,No,True,1
0xe1a2cdd4fb58eee09da78db898adbadcfe5f1780,40.61,938,99.99,44,2,326,No,True,1
0x124a2df3fa0702bfdc822ddd2c5d38a3500d3613,42.35,846,99.99,4,0,327,No,True,1
0x341d2d099d0ad1986ce5e549a1a15631163877d6,38.38,1079,99.99,70,13,287,No,True,1
0x4770f67db9d09ca7347c1fccbf3795a464065ecb,38.84,1052,99.99,41,1,265,No,True,1
0x542d6322a6bc65aeaf7681fa6bd5ca410bb5251a,38.19,1091,99.99,46,15,212,No,True,1
0x597fc897b6ab221c18cf51a31cef41285597aef1,39.78,996,99.99,36,0,366,No,True,1
0x52dccc92c4fcc95cf5609efb081904805282d5e5,39.5,1013,99.99,160,0,356,No,True,1
0xd6587a974c7d3ece23fa53d5606da6b291311f6f,40.66,933,99.99,19,0,449,No,True,1
0xf11a3703226a02825f23a02c1b3663be8fc46060,38.83,1053,99.99,54,5,317,No,True,1
0x31f9579fe765db7641e9554cbd6f037a72ae7e42,39.43,1015,99.99,162,0,352,No,True,1
0x479dfdcd59e226692176384ec7583dc38ff3f605,41.56,889,99.99,34,0,308,No,True,1
0x8ee3fc743653bc3854a71fb06505ba4c988a3148,38.35,1081,99.99,48,0,300,No,True,1
0x44821e910e6b53b6c9a416abad4ec40e35463dec,41.02,914,99.99,38,0,273,No,True,1
0xafaaefad7c0ea3c81cb7062bbd9123988badf498,39.29,1026,99.99,51,9,328,No,True,1
0x976d2dc8a9804d9d2f4bc8a42c76fe4ce7efb98e,39.37,1021,99.99,162,0,351,No,True,1
0x4f459dc2a1dac3cfb64dc5dceba6ab02d8e1fc1c,38.11,1098,99.99,61,1,360,No,True,1
0x56c30cec6aaf51cb861e8c271c9ecd43cdb91517,37.98,1105,99.99,47,16,208,No,True,1
0x49d68d930666c99416aea96fbc7ea355464d1d7f,39.3,1025,99.99,160,0,353,No,True,1
0x728b6672bceee270e92637bae8bacb54a9b32888,40.67,932,99.99,46,2,278,No,True,1
0x3b60e31cfc48a9074cd5bebb26c9eaa77650a43f,41.2,904,99.99,21,23,279,No,True,1
0xb4a4644914662fcd424a6025c28c02360ef4d077,40.38,954,99.99,22,0,410,No,True,1
0x70a913620fee00f6120fdababf5d65291fce8899,39.59,1010,99.99,43,2,304,No,True,1
0xfc0591893b0bdb4322d25bdd43904aa9ab137140,37.86,1115,99.99,36,0,358,No,True,1
0x1c36e11840c374b1740c38bf708f9dc0f3dbbaad,37.87,1114,99.99,42,15,215,No,True,1
0xbce6ac172da935a8eb54bd102dd017e3dd2b0c9d,39.2,1032,99.99,1,237,0,Yes,True,1
0x43dd14091d6769db1a14873506132bbd7f04d384,40.32,959,99.99,38,4,402,No,True,1
0x1d309aa3b2e470911508b9ec6bf12a029ae7729c,40.44,950,99.99,45,9,331,No,True,1
0xd64e5de2d257f9a093cc108f9420f449657b07f1,40.59,940,99.99,48,0,290,No,True,1
0x1df2535cf0956abec21c4738534885d3849d6578,39.01,1042,99.99,55,0,391,No,True,1
0x1b8e05dea3412230d860938e91e72b028b53537e,39.17,1033,99.99,160,0,351,No,True,1
0x4879032313fa7648bf821f9880ba2c645d0f356b,40.13,973,99.99,48,0,318,No,True,1
0x0e9dc0f9f075c51b32324d74055d961e3a97228f,39.69,1002,99.99,29,5,290,No,True,1
0xe4b304a1edbf23eafdef0ae21796bfe102382f98,39.13,1035,99.99,159,0,352,No,True,1
0xbe6660fbe96b61b72bf35ffab40eb2ca886a7f85,39.84,991,99.99,29,0,255,No,True,1
0x12f8976ba98dba27de83f65b5aefeec690f862a9,40.57,942,99.99,26,0,275,No,True,1
0x9ff84b91998df96a6587db8dde8d4e47518107d6,42.19,856,99.99,13,0,391,No,True,1
0x8a59b454032dd474617c2289e9ff66de62f71129,39.96,983,99.99,1,98,0,No,True,1
0xfcd05ed62ab38b82e6f19c2d063cd064a1ec6b98,38.97,1044,99.99,160,0,348,No,True,1
0x159525200c2860a4946097c8b251a7ad4ebde744,40.62,937,99.99,27,2,301,No,True,1
0x4247c764ea8b1eb8bf8785192f671ae978e40e22,38.93,1046,99.99,159,0,349,No,True,1
0x09fa8fd60403a6d5d7fcac30bfc5c63f2811ace7,40.5,949,99.99,35,0,301,No,True,1
0x426fccbe1fdb4411f1ce9301dae5d7b70dc28009,40.19,968,99.99,20,0,408,No,True,1
0xa434eb11beba2b86f92d7b8b3f2174c8e8ac2891,37.18,1191,99.99,42,0,225,No,True,1
0x2d054602f39ee2285fdde7300753e9484d42adbd,39.6,1008,99.99,55,1,361,No,True,1
0x3961e180df2789ad2ddfaaa9af630f3ce635886e,37.57,1146,99.99,26,0,366,No,True,1
0xe80d5a0fcf4aa6046618b67469d381aba9434937,39.97,982,99.99,20,0,407,No,True,1
0xa49273cdbf5f77b151e990a843b9431e161dbdd9,39.92,984,99.99,20,0,407,No,True,1
0x6f625ca653fcb4cfa2424cbe958aef8c6690c717,40.27,961,99.99,42,0,328,No,True,1
0x9adfd762d997bd382028a579bb68bdd49d97493c,37.64,1137,99.99,46,2,356,No,True,1
0x710a76dbc6b7aad05bf2b18373d3a7ccf77e0c49,37.11,1199,99.99,10,0,244,No,True,1
0xf4c0a1c30086ff3e4055aaf9b4f249ab52477a95,39.86,989,99.99,20,0,406,No,True,1
0x901397dc85072203da7b104460abc49e7d74adaa,38.74,1060,99.99,159,0,346,No,True,1
