address,balance,TDR,Wallet_Age(Days),From_Count,To_Count
0x5e23d08324f017d5425e59a2782c9ae27ace0958,0.0,0.0,0,0,0
0xd9293636ee3aa663fc563adb0912b0705dafb62c,0.02663,0.568,683,47,53
0x40938d09b4a2a40b6538f7a8f77fc1971f8cef54,0.0,0.0,0,0,0
0xd03ad690ed8065edfdc1e08197a3ebc71535a7ff,0.00146,0.833,2128,33,67
0x88f659b4b6d5614b991c6404b34f821e10390ec0,0.03985,0.362,481,33,67
0x724061efdfef4a421e8be05133ad24922d07b5bf,0.21593,0.0,0,0,0
0x8eef779818afa953b0652e45438423ebe089f55a,0.08224,0.422,601,33,67
0xe15528f5a49f099aaa24fe82ca99836d4a418f1a,0.0,0.0,0,0,0
0xc0882631627786eea84a851f66cdd1c0a070ea28,0.02195,0.087,547,18,25
0x4d477f1aabcfc2fc3fc9b802e861c013e0123ad9,0.40329,2.222,1429,8,92
0x38daea6f17e4308b0da9647db9ca6d84a3a7e195,0.56338,0.136,1965,39,61
0x413a9c69df59288ef9a7ebe78a2033dd2f3e1af3,0.00568,0.079,520,16,18
0xa8c4e3ce1743d0f2a6c227548c982a7c40569940,5.3425,0.168,1116,32,68
0xbb7b59afa3a0e5be143b8fe9c641f00c1ecb9d69,0.0,0.0,0,0,0
0xc9a25adcf11fc7e6fc8d419f4d4c861b8d57ef37,7e-05,0.0,0,0,0
0xc54a6c3778016b06cbd126ccc3b5bc06c5f666fb,0.2316,0.971,1710,0,100
0x24749aedf18208ab74a8110e07e820286bb5acf8,0.06715,0.345,557,45,55
0x06c4865ab16c9c760622f19a313a2e637e2e66a2,0.08248,0.074,1925,46,54
0xab7b49bacd43bd4cfa41433d477f690bb9e1fb26,0.05548,0.543,1927,18,82
0x896002e29fe4cda28a3ae139b0bf7bac26b33a8c,0.02643,1.136,705,51,49
0x76e4f864bbeb60bee66ff5bbcd32decaf7fbde71,0.06525,0.18,873,39,61
0x2ea5e9e452f85f55be47504153f25740a5f3d78a,0.24946,0.379,1108,41,59
0xfa93c9a95727268b88ff77b5396ed3b8b59a1ba1,0.01405,0.283,595,56,44
0xab888291f4127352b655fd476f64ac2ebfb8fe76,0.02355,0.17,893,45,55
0x1ccb144b700ec726d37db38c617e154de6d9c0d0,0.79497,0.493,776,40,60
0x48b576c87e788a762d6f95a456f2a39113b46950,0.00188,1.429,1000,40,60
0xf4a2a0015292d23ac8018f0252764c5cb296e434,0.07246,0.045,526,11,12
0xb9b93bf2db3678b010e71ef701d763aee144e93e,0.52047,0.719,913,63,37
0x3f5d2058971dfd0103e3bf5e423620b5a42db357,0.00372,0.071,1284,21,64
0x01fede4bb0f06ca47735be98b7a083a60c087a7d,0.00571,0.087,699,21,37
0x5566b3e5fc300a1b28c214b49a5950c34d00eb33,0.0,2.703,885,50,50
0x74264aa892c5c4b596b91f961b1387f94ef3d5a1,0.00369,0.195,638,28,72
0x13dda63c28bb95fe9822fea43ad5feaa966636a9,0.24148,0.377,685,48,52
0xd31a84c20bc430ad75e6a1903e7ddbee52211072,0.26652,0.699,598,50,50
0x512fce9b07ce64590849115ee6b32fd40ec0f5f3,1.209,0.296,1859,34,66
0x83c9440dc34da00c47a0d4dc2b598d7bdb1b53f7,0.41777,0.365,1865,2,98
0x97432c12ea8c957c3ae2d59c9953cf8df9cbc5b0,0.00169,0.073,1350,26,63
0x70b7454d7ba86666e9d29b551f2603a6acc8daac,0.00817,0.204,749,71,29
0xd7b26011e6eb5857a6251da1f77e9f3d8aac4489,0.19547,0.089,1807,26,74
0xaff17968fd266b1cbf69c19b8be90fc167d8d3ef,0.00124,0.021,752,4,9
0x44087c57add67bf4672dd6702869dcf4b97ad850,0.00791,0.36,579,56,44
0x9ae6b470d238a4ab42cac5feb27caa5a19f89510,0.05506,0.047,850,2,32
0xc8d78cd2b119c6ad149bcdf0a297d63ffede1960,0.00067,0.087,285,10,13
0x77d4d7ed546b19077720eda2be8c847a1c358125,0.05509,0.578,517,38,62
0x05f7f81ef8b158be44b96a3a3bd5351bdf28946c,0.35714,0.33,542,36,64
0x5244736b3a8f898149ae33f013126a20ce7abc62,0.01537,0.37,527,37,63
0xce68b1394ed29ecaa6974536244d1d2aad4a2745,1.40201,0.188,774,35,65
0xab3f34994048c2714cf403fdbe38ef8bee79b4bd,0.04717,0.065,752,5,35
0x1c85d6ae1336d0e4e3f165bbfa9641bfa04cedb1,0.01824,0.171,1271,37,63
0x70ddb5abf21202602b57f4860ee1262a594a0086,0.00178,0.187,726,32,68
0x88441dcd4bc985965e69ecf5a454b04dc84ed876,0.11772,0.175,849,56,44
0xb957dccaa1ccfb1eb78b495b499801d591d8a403,2.09911,8.333,635,42,58
0x3da952ccef2b63bf708f7f78a0ed333faa5cdaf7,0.12084,0.08,354,1,27
0x95d8bc3ebcec8a8f2d3bdafe141ea118fbd7ca3f,0.06048,0.061,677,3,30
0x670f2a946f731c6a1aede41f27f2fd4a378abb5d,0.16739,0.125,354,1,26
0xb5b44c678659035cb6ff87e9f1393b54a4d0a335,0.10858,0.11,384,1,26
0x7d55507f7d96b373706c0131fffbc4ffdcb3b6f6,0.00847,0.27,266,20,45
0xb44ac514588be99870220d12120815bc3d349507,0.19352,0.595,1786,2,98
0x245b0a88060d9e992e7950922c86fea91dd40fde,0.10564,0.072,744,14,30
0x0ff9b6ab6ec58ceb6d5ae8a1690dd5a0959ad002,0.00254,0.097,1153,32,68
0x4a27bfd91b30efaf08706d2105e5d8a1ad09ff0c,0.0,0.033,671,4,17
0x1708c67f9d3095c92ddcf92e920f11a0ab64ed53,0.03783,0.694,937,35,65
0xa1118d2663d83857e858f12a9ce29d8faa2ef62f,0.10097,0.19,288,1,28
0x344b1e4ac175f16d3ba40a688ca928e3768e275a,0.00151,0.182,753,37,63
0xcfbf79a75a35baa595b7e0d376c87fa47f6ef3da,0.0,0.0,0,0,0
0x183bdb344a07ee3d27f07ac4799a56e4a2fe5439,0.0936,0.041,867,8,27
0x0426b2f8e43deb95ad7a840f8c2a517ee33c6fb1,0.09163,0.174,288,1,25
0x17ebee050c312567ad0038c0a703779401cb0fe0,0.05481,0.27,726,48,52
0x843146d71d57af0e731f85db1f094643776c8e91,0.01571,0.026,618,5,8
0x281ad9f2138ec59c3a9e7e4c98728c93eed868af,0.00174,0.039,596,8,14
0x608109470afc9857561f9e33a3efbe2547902302,0.07107,0.174,288,1,25
0xdc9c5e34959ec3643af1e1d34a83d6b251aab1ef,0.00282,0.806,842,44,56
0x2a06913d5b8748b222e1236768c24ca19198b374,0.00267,0.358,557,39,61
0x9ba6baa919bac9acd901df3bfde848fe006d3cae,0.00124,1.538,2002,29,71
0xf55c02b021f91752521c0cb74303565f25baccb1,0.07468,0.235,724,44,56
0x40a82a3ac2bb08e82133e25cbc6ca128dc7162aa,0.0928,0.329,507,37,63
0x5acad6e75bf6ddd63ad5d88dbc9852ba401d8d02,0.082,0.174,288,1,25
0x6cd2bbb806b308c9c9792bbb6d803fe8d0eede75,0.00509,0.02,571,3,8
0xccb5d53c4721c008a65cc02f5df10a9ce67c6044,0.09787,0.168,288,1,24
0x078ad5270b0240d8529f600f35a271fc6e2b2bd8,0.00677,0.769,633,48,52
0xbd2a18df237c018e856dc88c720f9d99d82b086d,0.01134,1.818,746,9,91
0x1982bd37e91fd7a8c88805e9a7aa009fa804b1f9,0.00872,0.69,678,28,72
0x328adb38154da8f93ce0ffc47c26055e1975299b,0.03112,0.198,687,36,64
0x9261fb273d1accbe2f15df1c254e7fcc971468ac,0.0,0.149,106,5,9
0x71c9137eb29ce52e7bdab9ee5cac25208f910665,0.00913,0.0,0,0,0
0xf5fe364d18f4a5a53badce9a046ba74cfc97f6fb,0.12089,0.119,1776,42,58
0x856dc4a12f08afa49f42b52f81769a96505f312c,0.0016,0.327,664,38,62
0x32791bbc7ddc9d0e6bd914f3b7f73747132a3a5b,0.08833,0.213,762,45,55
0xc56618e14dc795d0a3aef77cfc9f3b1dba2514c6,0.00979,0.222,163,5,13
0x44091c26a36c2a08b7e6e9a288136fdee3b05674,0.00366,0.0,0,0,0
0xbda0136ea391e24a938793972726f8763150c7c3,0.00173,0.156,753,30,69
0x7683c36e3067ad69e2ac06ddb21250eaf4e4ffed,0.04007,0.023,443,1,9
0xdd7724eff52c6ec5f2f7649eadd5025d890b3690,0.00261,0.221,719,48,52
0x50e70c43a5dd812e2309eacea61348041011b4ba,0.00034,0.0,0,0,0
0x71213a9c9504e406d3242436a4bf69c6bfe74461,0.02707,0.37,587,43,57
0x8f2a0c6bdd5c1f61552558d2c0d2afe6d3dc5272,0.02206,0.4,557,46,54
0x707d306714ff28560f32bf9dae973bd33cd851c5,0.00207,0.116,685,11,55
0x7558899d8109d8a2ce457837ade56c3d6ebfe90d,0.04614,0.119,1595,29,71
0x09ad31043b0b939576d5206b064ca1807c4160fd,0.00358,0.206,223,29,12
0xc97370f22ed5ac4c7b24a8e1ca9d81febb3b9457,0.0021,0.14,689,13,67
0x48a9789428f2067338d02b1ef3612df64f05feb7,1.7411,1.176,2113,4,96
0x1b5b4fcedf1252cd92496a2fd5c593b39ac49b01,0.00125,0.12,709,16,55
0x1aaed39ffb89233d990d22c3410039e85721fbc1,0.01165,0.096,294,8,18
0x8200d84590eceb10c6471268930e2924f34e3d69,0.04735,0.0,0,0,0
0x3399a3fedb73354c26883ae11c2c8d1941926289,0.02904,0.042,648,14,12
0x2d5823e8e8b4dfbf599a97566ff2a121cc141d60,0.00149,0.134,685,25,51
0x0516cf37b67235e07af38ad8e388d0e68089b0f2,0.00212,0.079,655,9,41
0x7f85cf44e446a4b1aace2a28774e88cd6d4e3441,0.0227,5.263,958,51,49
0x63bab39b89a156cc528b374c0109b77b4e343b53,0.00217,0.519,177,32,48
0x631ab8eb40588543df900263f864b6376d56a587,0.07708,0.238,688,34,66
0xc5afc3a0f462c5a387393421b6a253204a3be8d2,0.24167,0.047,1865,34,53
0xf20772b296bd6404ce845e966f46cd6be8fa384b,0.00092,0.061,170,3,6
0xbc9a6ea3e32b05e87f3e3e0ddbb23fc0c62c61f3,0.00125,0.01,482,2,2
0x29ee39be789ada5cbb2051f4bdd70dd735aed7d0,0.01719,0.332,557,38,62
0xfa6e906dd9084d50be4b0e6ac13ef5b7186362e2,0.03261,0.37,477,30,70
0xdaabbb932725cc1b3ca487ee174b59cbd6b0ec98,0.13473,1.408,1773,1,99
0x76ac6ad4e4e7c2e0b4ceeb30745bd53df3a85774,0.00136,0.102,678,12,45
0x37b1884205cc47c2bf5cf5a0248946c4c0c85724,1.55151,0.27,1235,40,60
0x49087eb6f9529eb02a508fb820d7b4d0b52e4881,0.00299,0.317,682,45,55
0x5ec17bcf1fb27dbc92e1a6389d9e127a61fae8b9,0.1629,0.025,1564,21,17
0x7a3bdee62dd34fac317ae61cd8b3ba7c27ada145,0.00074,0.1,655,11,43
0x668fab5429f363f87c17b1d9f7eada702cadae1f,0.02932,0.194,655,37,63
0x5574d6f75a59945a3d2e056d048816e11ce12bf8,0.59576,0.189,766,45,55
0xf094c2406f91e946d8c4757a2f8c00d9ec4d703e,0.00057,0.027,482,3,9
0x972a8b7d891b88220780421fe4d11f174354ceed,0.00151,0.106,655,18,39
0xc1519857d37ba893680372b9299e4957bce800ab,0.00721,0.0,0,0,0
0x696d181a7961ee66c42f1ebeddc0b48b106c45ad,0.0349,0.49,918,52,48
0xad928e545cf5598802b3c601e04b0cfe6bf6351c,0.01784,0.31,637,48,52
0x1b9da462d07512fa37021973d853b59debb761dd,0.00122,0.136,647,17,55
0x00432772ed25d4eb3c6eb26dc461239b35cf8760,0.00209,0.111,678,14,48
0x14d607c20ff934b0d895577c6e80ab0cd6a8b322,0.01064,0.408,403,44,56
0x8d4fcf8170a20ccc91fab546ee57bd01c930e608,0.23738,0.735,1942,13,87
0x981cac16246d9641be07bba6e19e304b74b173bc,0.00239,0.422,701,54,46
0x7b0b35b416631f05f321fe74990817dca81cabde,0.39453,0.375,1904,36,64
0x3dbadc86d19416ec16d81aa07ff2609e6241e7e9,0.02444,0.253,808,53,47
0x95f50cf888dfec90321dc376c1e695f15b081595,0.00585,0.076,1805,53,47
0x35e6fc00e3f190a8dfe15faa219368a01028ec14,0.00222,0.084,655,5,40
0xc1da4cb564110e85399d4e8e311a818ff885c18c,0.0,0.0,0,0,0
0xe12305a06ecfc570c4e9ee664fb7e22901b3b842,0.0,1.0,426,0,1
0x6394e71bc502010b60377c92c901c2cbc2dcd175,0.011,0.095,139,2,4
0x24a000804704b9557466382a806b6baa31cf574c,0.02808,0.325,1391,34,66
0x613e052555ac74ff6af0fc64e40e8035c1e9dcf8,9e-05,0.301,389,54,38
0xb4dc4c7460c58e7652cd615675a1f707ebb67e9a,0.20625,3.448,890,25,75
0x022111936500251ea358a98cbb158d77580efb42,0.03531,0.316,308,45,47
0x37ea22d0f551aa66d54605592b672f385b713dc4,0.00446,0.541,1937,17,83
0xc077c537727b07a6521332da75fa8966192f425d,0.10716,0.144,491,22,41
0xfc32afc3b324b45323a77785f63a2c7108b04200,0.39618,1.0,147,0,1
0xcf603a4b0d42337dd9fde4998c092adc9c6c7fdb,0.13096,0.361,940,52,48
0x529408a6962bae6ca5328874d633738116b89b05,0.01821,0.917,610,50,50
0x5b47ce248ea313841668a318afb9a5597d5efc23,0.26434,0.224,930,51,49
0x5a0fd2d11f8b8c7c281efbf69519393e076ab416,0.0,0.058,205,1,3
0x75fd2bea5c16f587565770250d638d967f982953,0.58327,0.524,559,48,52
0xdba62cba66bf4296208552d0495a0f05fed4214d,0.00176,0.0,0,0,0
0x98289029b0d4bb73ead9eb1a3300ed724fcf6779,0.10467,0.251,482,38,62
0x2929b126f3176d3fa3ff30c4eb7de604192ec840,0.00301,0.013,483,2,2
0x938a49e24fd7a26149dd537019078d8a8f919290,0.80905,0.524,478,46,54
0xbaa32387bd55553ec806622d524b12bbb8242a19,0.2397,0.126,2048,32,68
0xbc72198d65075fdad2ca7b8db79eff5b51c8b30d,0.00178,0.239,721,38,62
0x529b59fbbf22b999c23fefbbed364feee3c12ba1,0.02161,0.076,691,29,22
0x4680c9038bd1ace31d21441c609d58103491a73e,0.01829,0.187,249,7,18
0x7324569e024192bbd12de41130029711f79315c3,0.02392,0.169,288,12,17
0xa74cb71969c6476ec42b6fc740d9ce2a496afd5b,0.05554,0.073,169,2,10
0xbb0244016a4dcb20c499b50e740083cfbb6c2f78,0.00093,0.575,556,47,53
0x4f0347b0ed538544db7323bfb7536ff07b7915f1,0.02404,0.08,559,19,25
0x5e0ad0493903459f8f6d75d412eaca6d94a691b3,0.14262,0.113,272,2,12
0x764f1ea61f86c911dabd48d8a050a7acbb35dd33,0.00126,0.042,440,7,6
0x8d07d225a769b7af3a923481e1fdf49180e6a265,0.57252,1.031,1137,55,45
0x13e35b33b929bd96a004ea88d1fec552b205a23b,0.47065,0.369,480,37,63
0x4872a286645a3733daff9abc1d196fd4704b5c9b,0.09794,3.448,159,42,58
0x5ff817a31c03828c9f8995fc8b70b2eab5e59acc,0.02943,0.333,416,39,61
0x93442eb8f90330704cfb2ba5da88d6bdddae6aa9,0.39815,0.31,742,44,56
0x2744a205b3a599508295e53d0290b949104d57f4,0.05883,0.372,480,34,66
0x908e8e8084d660f8f9054aa8ad1b31380d04b08f,0.24333,1.111,1929,1,99
0x37d2445fdf9b83b58392dadc9cc29100c263b505,0.00272,0.158,248,14,18
0xc309e2fbdcf9ded01452442307074ee2ca93d446,0.00063,0.041,616,5,15
0x2dabd1c849b5adc1fb421e043ba53be6bb2aec62,0.01122,0.132,209,13,14
0xd3d0e2141c998e64c1c7e2435064bb9785e8db24,0.01221,0.05,746,8,22
0x33231c4171e4d6a864c05b6db61467ec2424efa5,0.08812,0.232,636,34,66
0xcd790d0813bef3add5ddc1ae5589d3a9b526cadf,2.23237,2.381,553,45,55
0xd6eff8f07caf3443a1178407d3de4129149d6ef6,0.00888,0.288,1477,53,47
0x48fae920b92b9408f88619ff5c217ecebaf563b8,0.20645,0.029,1528,18,26
0x15fab1cc5262d69853b1196f74d38c7fc96fc6d7,0.01317,0.197,870,42,58
0x4fb63d01dc521fceeabac44e57bc675077656deb,0.00511,0.312,290,29,54
0x46331769a8a01947e07c310704893076a3409d36,0.37497,0.952,994,31,69
0x3c6e78a279ca78088a939d80968feffcd517190a,0.05255,0.189,801,44,56
0xbcd8fc34307cc53755b6082c41b6ba643fbc6f99,0.19307,0.135,763,36,56
0x36d9b6a89196042b5450b4687aa7c5c315c22aa9,0.02861,0.189,178,12,18
0x1f2910331d564341ba9a9762f2b7eca182230b2f,0.00932,0.155,522,22,55
0x79ccedbefbfe6c95570d85e65f8b0ac0d6bd017b,0.00104,0.085,564,6,32
0x736ed70a9059978a9c7733cd65e780f0c7bd162c,0.01001,0.105,886,31,57
0xcd0b67a61e5e8f4616c19e421e929813b6d947df,0.01752,0.187,750,36,64
0x119383b0051e920d6161cee971247d625b8d69cb,0.00149,0.088,526,5,31
0x54ead1d36a2752d6ce8697dbcdb26040b63c402b,0.04927,0.203,249,10,17
0xbd1f7d88c76a86c60d41bddd4819fae404e7151e,9.04882,0.513,1337,35,65
0xc83c3b46d8e622b9c7b540872c6af8636ddc1d17,0.16715,0.222,671,37,63
0x32a59b87352e980dd6ab1baf462696d28e63525d,0.13275,0.303,1912,23,77
0xfa778a2bd937a8e17ea0ea15f9c1a3e97d81ade1,0.00081,0.041,1341,13,41
0xfdab3be33284ef68442f55535ffc0b1fcbad2b62,0.03345,0.098,1401,46,54
0x770bebe5946907cee4dfe004f1648ac435a9d5bb,0.00262,0.077,522,3,28
0xba8765802198e5c19f2ba8fe9b0da2b225927aaf,0.05229,0.952,1013,44,56
0x77c9e49073d9830723195f3788570c2c36c97688,0.24729,0.26,683,37,63
0x7da0e97cb78832463914392b5d414c1befa1fb01,0.02287,0.295,728,40,60
0x247e0896706bb09245549e476257a0a1129db418,0.00019,0.33,479,55,45
0x40de3299bd8a10d8ac3f32c1a55de40640cf9b75,0.00505,0.112,492,20,32
0xa8293dd8eb52564a35b8357a539146321b934153,0.09185,0.225,714,41,59
0xf84c58dc674b8f29f3d5b56f561817e3920f9a63,0.0151,0.139,378,22,28
0x515fad9044494cd323b211c2f1eec80c1098f4f2,0.06111,0.238,500,33,67
0x385a3911ff5b1f4ce3fefe3b430edf5792fd4044,0.01235,0.055,746,10,23
0x31a406efbd18897c85a028ca2ad9bbf06febaa2c,0.02621,0.33,472,46,54
0x265445e894efab864663c64a62c1555084fdf94c,0.01443,0.05,746,8,22
0x026b9a9c57734558ee78e1561049b6b548733395,0.0,0.0,0,0,0
0xfbf0736eb2ac1c4bb0193ae54c53e182b18037fc,0.05379,0.38,349,38,62
0x021c5536bd60bce9f15fb0e32746e332e3fbfaf4,0.0,0.0,0,0,0
0xa4b2c652b4052729ab35f6a6ffc0c22bad7bdba8,0.58227,0.163,763,42,58
0x7d9a6083bd1a89115782bbe602088e10a5dd01a6,0.01902,0.047,159,1,3
0xd2b2f14e25ccf9e7d62611586c2fee55bd96436a,0.00388,0.293,681,51,49
0x7c8b82d1677a198cb14331be465766fbbd836e7f,3.01116,0.047,537,9,16
0x95e9ffc26cb33fa701a56862cd6e2b4c96cb444e,0.0257,0.789,143,16,29
0x3eb72a65f9322d3f30167cff9fc9fcbb23d61cfd,0.02223,0.244,809,44,56
0x085ed975a8b6b860de3c2b871da60a3f9f48a5b8,0.16334,0.131,714,33,57
0x096edfe03c04d91d1f297662092ac1b336e6d427,1.43486,0.5,880,48,52
0x416365993481e52e0472e7417656276d4e147a00,0.00806,0.26,732,36,64
0xa24a81bcebbeeb8e6687babf99bb4d0f72c22af5,0.04242,0.198,518,32,67
0x347bb83e4ab465c8c6b7afab3beb373410a9cae2,0.25795,1.031,303,36,64
0x33482803274c5e08661843636dcee8e9a68c7252,0.25527,1.136,295,36,64
0xea5bbad59c45a02ac0b0f48c9b4b7ccbccd73c36,0.06001,0.159,407,15,48
0x9744ab296781536b76a12ad6d48baba814b866e7,0.00127,0.0,0,0,0
0x9e73201903164d3b476505f3c54f86cdcd4010df,0.42149,0.704,295,36,64
0x26871b48edad35f81901ab9002e656e594397e7d,0.00298,0.088,543,20,22
0x0585c0d0aedf071a07992ad650bdc047cef0c04f,0.42254,0.704,295,36,64
0xc3d6f21c79c2567a1858d8b93a4edbd9db399d9d,0.08314,3.0,42,1,2
0x427a33234faacb6b3acd1a5a27d9f8bec358e3c9,0.00975,0.042,204,2,5
0x4e70bd663b20bb64db6172f5c871bd41c1cc7298,0.14056,0.168,763,47,53
0x8c57d1fab10d4b78f49ef5c6abaeb76a63710f61,0.11372,0.17,891,44,56
0x382cab376440f92d4943f8b47dd45645cf98be0c,0.035,0.086,1680,38,62
0xc4916b8a736db8b9819ccc4729240f1d8a88c5f6,0.00024,0.12,481,19,37
0x4aef8b6ca98ca20087e6b0827a50868172a32afd,0.00058,0.087,519,4,31
0x69389398e4d903b02010e20d308ee58ea8d6d714,0.45087,0.704,295,36,64
0xc85fcc44005a1d24142c6b347a0256b5e9306c10,0.03722,0.147,1847,8,92
0xfbe6915fb22dfe6b42a7c50b43b45bf692681e5d,0.42461,0.704,295,36,64
0x99d305dfc38cefa91cb1129387681ede4c93e87d,0.38939,0.704,295,36,64
0x03894d4ac41dd6c4c2f524ed4417c90fa46972c6,1.02198,0.855,879,49,51
0x9fd9bb687696f19038892989876bd6dc96abd769,0.42256,0.704,295,34,66
0x82e88356396eb8d4645dc09dfd2c5821b5f88fbe,0.00844,0.042,1440,23,36
0x949ad06a4c904cd0b31ae2f56aae0ec68c16ccac,0.42392,0.704,295,35,65
0x4cb75146e98562c9d79b31649c6c739e4dcb7cd5,1.10609,0.699,363,52,48
0xd08da3621a547d7d7cb07425e6aa6679c566e40f,0.0185,0.588,230,49,51
0x59d6779eca6c91ed7679e261b54299b5155eadf0,0.08694,0.73,793,45,55
0x14efca67ed15d631ee4d095512709cd1d2ae87a2,0.0104,0.127,212,9,17
0x9e988bf30fa85c5ee2ceac5c13c95357cd35d0f3,0.74558,0.14,623,39,46
0x12aeebbcbf40d4ef264761d1eee553d4920ba7f1,0.00099,0.263,170,3,7
0xffe7729b1eab35aa37c4486c8fc9f576d4cc1603,0.00575,0.033,746,6,14
0x2951b1f7058bd2c05f01954002c450bac0873847,0.76942,2.703,1041,57,43
0x787c8be38e968bd0b41eaabe0b69d1c32ea09262,0.00192,0.092,519,6,31
0xb5d31e8512d1d0b048da53832a36d56fb200ca3d,0.02252,0.019,556,2,8
0xf9e6b5549d62f304812debf43e718d502d7d3726,0.00487,0.032,685,4,13
0xab884368ab49d771cccdc3f5c9ff682767e450d1,0.02642,0.206,508,34,60
0xcc459846ff7587a972caeff28315c8d20390c4bd,0.00469,0.263,520,46,54
0x2886ca3e09863f795b273d074850b0b07afe222a,4e-05,0.037,686,5,15
0x3ab6d39846b06d6d8f41a61f6571dbab8e187910,0.00521,0.032,685,4,13
0x72ddddaf0ac801649222d7eb2fccbca359f7a819,0.01698,0.083,329,2,13
0x1c05decb151a459e8b045a93f472d1b238204094,0.02669,0.61,400,46,54
0x49084125e425ed84a81e97f866043ba413e959b9,0.22871,2.703,987,40,60
0xa97d4048b71975a475766e8278dcd2da1e8674fa,0.017,0.369,471,41,59
0x38b02f720416d170ab5f83ee4990402820a69019,0.01011,0.037,688,5,15
0xf4e5cfcd4cd9ef4186b3ada87835d3ab36c5942b,4e-05,0.033,746,4,16
0x521b0fef9cdcf250abaf8e7bc798cbe13fa98692,0.32405,0.69,1955,46,54
0x894c933c4113fa86a84262f12610d4e8266e9194,0.01562,0.549,349,46,54
0x947b7742c403f20e5faccdac5e092c943e7d0277,8.93053,0.415,787,48,52
0x64b5f9dd6f23269b966a4c3717e150a6dd264851,0.0323,0.293,690,44,56
0xf85d965e9fd4607b000110253214f49231f0031a,0.05417,0.418,519,53,47
0x6cc1a726e7f9f3bc5046ad7225a7f5a7280a9415,2.00662,0.065,1831,33,67
0xcd75942b66c1a82d7e04f65a34ce7f93791fa8a8,0.02845,0.308,671,40,60
0x11c25599461c850f7720dd562e9be0a9eb6e99aa,0.01353,0.037,686,5,15
0xa0164833c956f812294fe624e08c17bab439dadb,0.03237,0.037,975,17,18
0xcc2005844aeabbd4d663f7c45c9bd1369eb062b3,0.02131,2.5,234,42,58
0x034de217b44fe8f4c4088400448bdd917cb86d84,0.00164,0.0,0,0,0
0x8adfc6e6e6da6ed9af7f094b3f3115ed72048395,0.24135,1.351,555,53,47
0xf99b49202f457eede7c2afda05d865dc9034c506,0.00869,0.033,746,4,16
0xa6bd9208a37c4c4d20cd9512d47dba5553bfbf96,0.00118,0.0,0,0,0
0xbde8d3ef66ea8a6c38024615e0117c4d7b3d5cd9,0.00734,0.204,874,50,50
0xd57e9df75381553ce9c154712ac7f73eb206bd63,0.62012,0.108,694,14,54
0xb07c0772dea1557c2836c7e263bb795dbd6cca4a,0.00161,0.0,0,0,0
0x4ada1b9d9fe28abd9585f58cfeed2169a39e1c6b,0.00137,0.242,1731,27,73
0xdbd6483e67c51cce92d1aebe6568a8159c175d8d,0.00164,0.0,0,0,0
0x7e092225fd5b125b0fd15c09650562cd19e70689,0.00161,0.0,0,0,0
0x75a256dffdd2ade70ace4a034144c2a8c41a1213,0.00164,0.0,0,0,0
0xded031e7490a814964c6e97517a0bed948a30049,0.00161,0.0,0,0,0
0xa43b33e226e8a1463cc5bf7f035d9fc1b277bd3d,0.0019,0.038,746,6,17
0x7e84ff0c73cb66803b1bcaea3b47764ac7a03e5c,0.00153,0.0,0,0,0
0x752811fb9514026e384062ca46e8e0b09e505e31,0.00164,0.0,0,0,0
0x91f7c7dc5a44276482c102178fe1d620b397c276,0.02691,0.213,784,39,61
0x4a05853f3b4b55b9752bcad92b6a8855bd9cc304,0.00164,0.0,0,0,0
0x4d40a5c183551dfb601c4b4518b0e0c686a95dbb,0.00161,0.0,0,0,0
0x4f55ecbeedf6cffbb9cf48a84225da242b2f160d,0.00161,0.0,0,0,0
0x4928bf2ceed277d29743984f38e84c0841998528,0.00164,0.0,0,0,0
0xf3998b1c695d2f9d6ae148043ccf9a5f2b478d3a,0.00161,0.0,0,0,0
0x6b87616d8fe9eb216975d464f13a82f72114af2f,0.04368,0.115,923,36,64
0xef8305e140ac520225daf050e2f71d5fbcc543e7,0.12257,0.667,1258,43,57
0x09c7912cf36a0c40854eb842fd2ad81db3447740,0.00161,0.0,0,0,0
0x9d46f85335fa2849763f0028ef0702b0fc4c96a0,0.00164,0.0,0,0,0
0x4547efb10d0b10fb95d84792e0fc9703eed3a59e,0.00161,0.0,0,0,0
0xd314cb3388d80236ac7111be118f86d8558de8b5,1.00533,0.301,682,46,54
0x6d78a8d90cd4cf49d1735714c327014b8e077fce,0.00161,0.0,0,0,0
0x0f9484d95ce12b2a1965324e770251feb89d09f6,0.00164,0.0,0,0,0
0x335d2d954cec61cb4673780300d890340a29dd99,0.01672,0.202,813,42,58
0x762270f1ffc45cf42a12c8fc157509eb983329ac,0.00161,0.0,0,0,0
0x5f3bc93440f25bdacedad1fad047847edf071f4b,0.00161,0.0,0,0,0
0x10cfe51de1c18e361ce614a876189229809f9fc5,0.00164,0.0,0,0,0
0x5efa63d81ee2c9c487f4c0146021085882a7951c,0.00153,0.0,0,0,0
0xc290cfb8d020c0615e9c63036f4319cc41717e68,0.06119,0.313,827,33,67
0x17e70c83f2d9b6d9fb067c72428afc2b7ee7dcd0,0.00151,0.0,0,0,0
0x70a4e88ccf1376145071d097bca031310b44bb46,0.00164,0.0,0,0,0
0x4a874f678149d884931943b7af16d9fe18514880,0.00153,0.0,0,0,0
0xdc439408dfbd9987c22cb3e6397a4c6ea697747d,0.00161,0.0,0,0,0
0x0028c167ee07193671670c82e41b2081139c4690,0.00153,0.0,0,0,0
0xf74709b52c0e108ecfe56fa364175a779d3c059a,0.20422,0.298,640,41,59
0x458ef55cb647fd7184fb729ebb44def52e293c92,0.00153,0.0,0,0,0
0x9e4977972cb8a95fdf2cf9bda269ebdb2dcaea35,0.00606,0.275,782,47,53
0xf755b49d20cc1ec85da1c5a07cdf499a166ee383,0.00159,0.0,0,0,0
0x03f2a786698694f54ff05a45c56bfe72f89eee6a,0.00143,0.0,0,0,0
0x6bbaeb874784218ece4c1728dd450766bf736f7e,0.00164,0.0,0,0,0
0x5ad75f8b6a44734a886c5ebb2e999971fc8a1d5f,0.00502,0.13,394,6,26
0x1cfd540baaa092124d8bfb29dbd5762bd80f1b56,0.03356,0.073,216,6,9
0xf23590935c86fe5a46d951fb761709eed8970f25,0.00153,0.0,0,0,0
0x7f7bac92aa3e28351f9e89535ca334e8a44542d0,0.97447,0.725,621,48,52
0x21a7201897b216e5fce3a3069597f60ac8539403,0.00151,0.0,0,0,0
0x0715c2767b15955f7f3ccf22ff31d6218d60fd0a,0.00153,0.0,0,0,0
0x4d8c6cee998a41a011db7c110e7fa4920c35db57,0.00143,0.0,0,0,0
0x9a929cc9bb954b337b7d34356ed5d874624231fa,0.00153,0.0,0,0,0
0xfff6b32da4fd43865f846ff7487f0edbcec86ce3,0.00153,0.0,0,0,0
0x2c11ae904565fa3f47ac785860f5ec8c0368258c,0.01084,0.532,584,44,56
0x79e05c63962f32fac8fab2de79e61141298bd539,0.00151,0.0,0,0,0
0xb095ad5cc61e75458505ca45d58dd177907eb8c0,0.03771,0.298,451,32,68
0x5c002903df25be7e676202e5122a165a53549725,0.00151,0.0,0,0,0
0x8713adef11c9c7620f6410a20c602a92ae673893,0.00164,0.0,0,0,0
0xc628314bc54e1c03484cc4b57ae16f8f4c2e9e15,0.00146,0.0,0,0,0
0x7008065395a22ed462f289c2f9ee0081a6f261b9,0.00164,0.0,0,0,0
0x6d5e5ba88861df8dba0eb53ebad1ba89eb4b238b,0.00467,0.606,375,64,36
0x0990393db8fd79ba51a2f3982550fee9d96c5987,0.00151,0.0,0,0,0
0x622f078ec2d62e466ff3ef3306f2d3d79060625a,0.00143,0.0,0,0,0
0x094848f9e400e9cc3ada249b52b4964eaeff1ea0,0.00153,0.0,0,0,0
0x7977b909d55a53f9c73140f7f611eaf0638238ed,0.99183,0.379,604,51,49
0xd5fad2c75b7caed9f10fcbea9a265709b3759755,0.00146,0.0,0,0,0
0x8b1aae13103d06097ec6fd6447898531e8fab288,0.00143,0.0,0,0,0
0xcb15649d7b7a1eb01fb1acd14809de6cf82aa1a0,0.01644,0.176,716,39,61
0xb9f77443d8466d4f399dbe016e5c23fc59d59ab0,0.00151,0.0,0,0,0
0xf710430c1fdb34748303cb5817a3b38b7051d7e6,0.00151,0.0,0,0,0
0xb5be0314865803debfcc3163083c562b292687b5,0.00153,0.0,0,0,0
0xd8e2e2b2c28349696c9be4ab294712bf9690a9ab,0.00153,0.0,0,0,0
0x746d78f7e379bdff5ff15fa1540508d5c34cff37,0.00146,0.0,0,0,0
0xdd9a5ca4710fe4b08672fabc2d5774e0926a4afb,0.02285,0.186,284,17,19
0x486cfd56d91c56deef521355084d4544d73fdfc9,0.00159,0.0,0,0,0
0xf84bdd57c90265e1fd0b6e0ddb779724b104e114,0.00143,0.0,0,0,0
0x83d2e472495f408bd0bc85702f4be5ef1acaee80,0.00071,0.206,981,44,56
0xfdd3574cf9919a7cf52bf8c5277e2024df418176,0.00143,0.0,0,0,0
0x99d1bda3039da34e7782e66ee707f27e6f05f1dc,0.00143,0.0,0,0,0
0xa4c3d2d38573144bb8f2a56deec335a10db762ba,0.00153,0.0,0,0,0
0x28c173b8f20488eef1b0f48df8453a2f59c38337,0.06687,0.086,788,6,61
0x45208c10e922d932c0a638e7d8e92307fc73b40b,0.01076,0.508,845,43,57
0xb4eb4ff4304202704131dc2d2793872773f37425,0.00161,0.0,0,0,0
0x271e3135989530a7e579fb86814b4be2b3a64103,0.00143,0.0,0,0,0
0x070341aa5ed571f0fb2c4a5641409b1a46b4961b,0.5636,0.065,582,11,25
0x461ea1d70e4ed16bb0b0c063a8500815b7d6ed32,0.00153,0.0,0,0,0
0x4b06b27827b9160720ef7bfadc2eed6b4b3e47f7,0.00146,0.0,0,0,0
0x2cd54b3c8041f29c1152a2568e683ff099c411fb,0.00159,0.0,0,0,0
0x2f5acca3383eb9a40b9201d81d15a7a109dcc18d,0.02577,0.046,546,9,15
0x828a5457b8773e65f54632ee47eca18b9885d98c,0.0026,0.05,870,16,27
0xc21611a12525d3ab940c339b8ae4c4be5865b6a2,0.02912,0.398,507,39,61
0x999f280ace098f686e8571b3825739a3076b9f55,0.00143,0.0,0,0,0
0x958a38bdf665649fe623f2f6a56c164aaf9989d0,0.00153,0.0,0,0,0
0xdce62b21a8b1a9b39dd3ded27c876d416cc91b3e,1.12293,0.541,910,41,59
0xe6f940ca39d5bb2132d1114b97cc43605149103e,0.00296,0.033,443,3,11
0x387cfcba13974208090ece2b78972dd3d8cfae48,0.00146,0.0,0,0,0
0xe274ae86ff13c1bbaacd3662ec5fd7279a18e28f,0.01211,0.093,473,10,28
0xcb7958ddf673aa8f21614346d3e1c46182a9454d,0.07189,0.654,307,43,57
0x2bc12061c8912505978472c21d4a23db43af62aa,0.06466,0.111,1156,33,67
0x86d94879d0e89acd2b25870f3fe81288cc8df153,0.00159,0.0,0,0,0
0x895be97bdb9f8a244c472b18ea96dee39ddf8fe5,0.06345,0.071,1954,46,54
0x1730160dad28284a884683af648c4e10aabb7bc7,0.005,0.126,321,13,26
0x1d0239e4e185f5f3fba605897849744ae8b5f333,0.01617,0.041,1166,13,32
0xfa4e14d534f86e84214be9f7f612927757eb71be,0.00146,0.0,0,0,0
0xdcad95c9894d80fb30817f59e7619fd9128f64d1,0.31294,0.062,876,23,30
0xa129d5436fb797ff1d9c11b5f9d3ab0e27dd34b5,0.00021,0.12,339,8,25
0x994f96722575b64b27cdbe327498f34aaa2f0043,0.08371,0.25,559,40,60
0xec177d6bbb7c02c37987ebe9aab3a455355210d5,0.00159,0.0,0,0,0
0x41602b8582f474eb9c029dd502e7dda119345931,0.04239,0.063,636,10,26
0x7f64716cfb04ef0b78a3fcf02d3406a1b9dd0c42,0.04347,0.116,346,8,25
0x21b98f5698fd33d9cb58f6ab8d5ec58e803fcba2,0.76743,0.104,1681,39,61
0xfd7d9173403efd29f6b0b576217a59fd426170b8,0.03069,0.116,339,8,24
0x338571a641d8c43f9e5a306300c5d89e0cb2cfaf,0.01385,0.089,467,15,26
0x02e9e647e041854ad3c4c56d8c4f4b69c68a7682,0.12225,0.116,346,8,25
0xf9039ae1e299486d8e6c5740ca6340797fd42736,0.04092,0.116,346,8,25
0x84ecf15af6fec307afeab934b46947967bc02d5f,0.0118,0.303,727,51,49
0x79438224bc21b0e6b45ecf9f8caadfbdb874dedd,0.54723,0.361,547,33,67
0x94d4d40759af1cd2addb95252278dbae38c78d1b,0.02012,0.116,346,8,25
0xf574fbbbd0c29ff2dbd10839e33793a6eafde809,0.02082,0.11,346,7,24
0x41e260e8f07615418968c5fc7d10e277cf7eab56,0.55673,0.439,646,48,52
0xafa004c6e792990371ff9dc91f74d62e1b248637,0.00159,0.0,0,0,0
0xee33d688fe27a3a754435c50f8a12654d5327a16,0.02813,0.116,339,8,24
0xc16b76c25b60e5970ace61c719ca263133ccc1b3,0.05285,0.253,418,30,50
0x3b174445371dd00fb766357f29118ac6a0aeec1c,0.03119,0.116,339,8,24
0xaeaf8371bf9df3edb08bdd7d05099d49965fdf59,0.00127,0.082,519,4,29
0x02c9121f2ca2055af2d45d0aca5a7acae1d6b83c,0.00121,0.0,0,0,0
0x66109b3b6348d1df6bf1f8d998e527b967f682ea,0.01345,0.116,339,8,24
0xdc7ec05bf7781f9e861ee5486023dc6cf71fa7c4,0.08534,0.093,473,11,27
0x8a36c41e2b7d0ee24668729d08543ab77a99dced,0.02003,0.116,339,8,24
0x2338e4897119a104a3145f7b500fe98b51a56637,0.02532,0.106,346,7,23
0xb4d50b4e31181a004beb14e8b0a522bb434ea1fe,0.01994,0.113,346,8,24
0xe8fcdb117a5f0ec16ef040e6fe3f675390a7bb5c,0.02283,0.106,346,7,23
0xa3728c1f3ac52ded2fc69d3b95235d7a6fd2b377,0.02611,0.106,346,7,23
0x33d7147b957c1d1d0bb17d2b09e1d85e86be9873,0.02074,0.12,347,9,25
0xe874411d6e354b93be52b05280052c193550fa03,0.02556,0.106,346,7,23
0xbafaf28d01aefec4cf16830d2187becd502c6e0f,0.01947,0.12,347,9,25
0x81d53cd3e96fd8d51cef3de47e546d0b325af8bf,0.02006,0.116,346,8,25
0x1cd1a6c4570c039368f5456aa82574af6567e6f6,0.02951,0.116,339,8,24
0x2ed0f4e9769591d8eff038abd884187c8101c7f3,0.04053,0.667,486,47,53
0x1e265fdd0654120c739639b87e967f65339aa4cf,0.04459,0.116,346,8,25
0x4175abbc3a231125c83bc967cc42487db0b0ad9e,0.00869,0.076,582,10,33
0x0b1937f6ee406ca9e44dd99035da38840c242a9d,0.09661,0.332,579,45,55
0x1d7375a6ffc5a60b435558859a2762cfd6c6b07f,0.04848,0.106,346,7,23
0xc9ac69013f041ebee6009bed69047db1a795dbe9,0.02072,0.123,347,9,26
0x3899c67ce90b5ca7526bcfec438e2b59379d4700,0.00426,0.055,482,5,14
0x6069a291fc1dbbb0782a1314b6fb06e6d25b22da,0.02763,0.106,346,7,23
0x4e4b40b1a3f945d6ecc00f65adba063be82439f0,0.02138,0.116,346,8,25
0x7453019b806919563eac33870fe5f8e5154fdf38,0.09002,0.397,607,36,64
0xbbdfe37f2b5d2b7e86721324336abdc2221c4be3,0.06831,0.11,346,7,24
0xe6b4a4972abe38820322af468f3aee439f652704,0.00186,0.081,521,17,23
0x5568d637aefe29d939a724f64e0515b238353bfb,0.00369,0.4,240,40,50
0xfffa889f71003f256f0e14b48e54fa2dad1f2ff0,0.07706,0.198,623,28,72
0xcd5c1bb777c937d993bc5e16e48b1669becc77aa,0.39527,0.26,711,39,61
0xc5e7184d2807b21726d67dd05b6c3011f9c5dca5,0.07414,1.149,910,47,53
0x377280d8d87415873da035d8d6d2ff4f0d9b9c54,0.00544,0.03,482,5,9
0x9f74662ad05840ba35d111930501c617920dd68e,0.13498,0.935,387,38,62
0x8bc8b4e4921101bcc56ec084b906069b73de7276,0.27184,0.281,1277,36,64
0xbd5bc121f9fb413d77fdf39f6a2aa45a9d8bd6b2,0.00695,0.847,284,43,57
0xe44782afe398800d7190796018c4b865e32ff806,0.15961,0.041,349,4,10
0xccfd1ff80d176f1b98f7e40ed71a5b13d70daf69,0.02798,0.172,480,23,55
0x3951d734bbd956761802a7f4297ccade69bde9d9,0.02339,0.077,284,1,4
0x3b74175fb78af5aa92e9eb2c7e837f6d50882522,0.00919,0.207,505,34,66
0xe73052aa21b655c70f4aaa1f947f793c4bf7a95d,0.02023,0.332,584,45,55
0x5bca305df5b8446546224d7e548ef4e681eacfc9,0.41702,0.077,1800,38,62
0x1684c382352fa8992e2d12264b08cbfd8e06b7b1,0.0666,0.177,920,51,49
0x23abad8c65a9a93abcc343892aaf3d6e88b5ccc9,0.0453,0.236,1001,48,52
0x9ec14a04cb7822b56bef9d46357604b6f3a673cc,0.18846,0.388,335,56,44
0x0f63421f0a8099787168795a228c51ea973688bc,0.00023,5.0,137,1,4
0x5d18014f44bb78b5d2f5aac5a0a547f53c2ac592,0.02479,0.266,215,17,28
0x995482968992eee76d163e7a1791cdbb84e12616,0.05289,0.421,180,37,38
0x8aeec595cf608d593881af5628358c8a9c655370,0.02427,0.182,284,1,3
0x0636211443e91468ee3657e1d7faede7059c4843,0.01017,0.184,1082,58,42
0x080a75c96bf646cd9f78aaf8c9869a510e9c68bb,0.02418,0.355,578,59,41
0x17dfd18987b6b131686fea478600b75d11193335,0.00037,0.658,719,43,57
0x7dd508a1e4da1243789b799a480f8b45e58b1b5b,0.08227,3.448,949,36,64
0xa1cad48e9844d850f066376e1f1e04147b16619e,0.02791,0.308,561,59,41
0xc24fe6f2bae027aeee47390be73d121f18f51bdb,0.10788,0.203,522,36,64
0x5da7fbc618947d1d20001565cecbf13ffac3c598,0.02495,0.005,870,1,2
0x52ea58f4fc3ced48fa18e909226c1f8a0ef887dc,1.65448,1.449,349,40,60
0xbe13084cea1e3c8615f781b85b995c4d95947080,0.21394,0.455,505,29,71
0x3a8b9b6d9286a42d3956a54dc60ec81c6865ce82,0.17624,0.377,479,37,63
0x9c72c98535224c3c045a3d27ff981ed5a1d64d6e,0.02942,0.329,561,60,40
0x4c710b38199f589dd769d36ed52b6d0170cb83ee,0.01399,0.244,581,38,62
0xd2e1b76f81b71304daceec93f7d55d0a2abe2307,0.03042,0.293,623,60,40
0xa9811f9f6b8bca7f9f91f850a98310e63fbb7326,0.00215,0.148,846,39,61
0xd1570080bcb784b4f5e378dfd4cdffdfd6c110f6,0.0013,1.099,846,62,38
0x5e464b4766fb32ac5f4bf74249d2681d6e00fbad,0.31645,0.152,944,42,58
0x91a502bae962c2c5da1fec8c4ec69f2a2a84a283,0.00038,8.333,162,49,51
0xfe4c4a27bed5e9113480c84a177068f7421a1eb7,0.29799,2.222,672,43,57
0x8973b1a90adf0ced3dbe26deadd5a176ecb548f4,0.01324,0.174,582,42,55
0x16ce1b15ed1278921d7cae34bf60a81227cfc295,0.47813,0.162,825,37,63
0x4254c53fc3b3b38df025ea30bcae410e11bb95b6,0.05979,0.296,607,38,62
0x6ceea0fc41387fc6780aa78125ffde3ece0dc103,0.56683,0.99,854,9,91
0x8d3ec18dc2c96dafcd0924afe7273892bf4c1652,0.00018,0.073,487,12,22
0x910c60c049d833a7fd2f5bda310bbea1c5fa3598,0.1714,0.196,911,41,59
0xcf8e24538e6e8c6d7ca711f84539aeac0892e28b,0.02913,0.279,561,57,43
0xf196836b53e8f03e32f5186c7909acbb8b742615,0.38835,0.07,774,25,28
0x881e45c2461ff3cdddeed76487ca61f714827738,0.08296,0.36,290,39,57
0x98c366dbe6d98a2d6a3ed471608921b03f3abcca,0.12161,0.256,632,39,61
0x2a1bbcdff7a047d82fc8829faa0d13a8d2cf1dbe,0.10771,0.125,1432,15,85
0x989b79a9c1ddca2f96b5767d1b254a296ce7bde0,0.00289,0.019,870,6,8
0x9796b9443a3ffbc60eab64f33e368cc19eba4f33,0.03872,0.184,845,48,52
0x8755f08374bb0bc598681c324913cbde3283ac18,0.01393,0.296,500,41,59
0xd2033db9c5370ac76abd80823b5c5adc097e2fbf,0.20493,3.125,952,32,68
0x7e651f5f597436cd0fa941f5ff2cd45ef3f2fda8,0.04598,0.166,782,37,63
0x0928ae0e403514895b692476f052cecbbdad9ec8,0.12823,0.299,497,36,64
0x60dd456273cbb018c2222621d4c2dc5016e870d3,0.01372,0.269,628,55,45
0xc5f705ca8f70acc5f3d3db9636558102f528a475,0.00158,0.389,183,26,37
0xaf6d4f2f0f4d08b34182234d6c39865b56ab5b4c,0.01255,0.047,298,6,7
0x4c983614b75fff7df5c82316f23b5aa2d626c65a,0.00359,0.0,0,0,0
0xfdd88a45ce43e403ba0c0d6774a13b01b6f75d40,0.00878,0.092,714,23,40
0x5794b0f74828d577a0c9e7d511ef7072db18bfc5,0.0042,0.0,0,0,0
0xa86d38cd7e65ab4fa17e2985160945ab03d05d0c,0.00428,0.0,0,0,0
0x25cc275cfe3cce1700e816e00d4cd1f60872038a,0.02848,0.794,326,50,50
0xf3baeab4afa486991845d5dbe31069265da39d57,0.0068,1.064,995,44,56
0xc903003f1b4dd87b20d1b8025beff5f1680113c8,0.00268,0.016,870,5,8
0x6799f3b4d2627fe9bda90e2cb22cd4b4bf7eb291,0.05474,0.023,138,1,2
0x950786525afc71b58e76f2ba04dcb80385fbef17,0.00434,0.0,0,0,0
0x3f7bed3d5745c2550f64aa97a4529406e555bce6,0.06676,0.157,979,40,60
0xa297a06221ab3c846354e7fb1b37eb5da06bda21,0.02346,0.149,1006,52,48
0xcef28ce7884ae973990fb826c1986afaa9319b9a,0.17754,0.348,438,38,62
0x304034398302bd561dadd28767c0ecaef6b2911a,0.00435,0.0,0,0,0
0xed7e736851bc65967a65cf1134300c27f39b7648,0.05775,0.446,909,53,47
0x14d15f15f1151d82e0aa5f2443b7da68f981424c,0.2674,0.599,445,45,55
0x34f73a47a027bc3c1db642df9ca54625d9b6b77f,0.11189,0.45,493,42,58
0x41fb250fd5be7cc6e818bf7b54843735e8c64abb,0.00937,0.19,507,31,61
0x128e5625e15fdba91d6ccb1abdfdc62b5d152b4f,22.07721,0.526,971,27,73
0x56d79fe635196e734ce29d7a8ccd8014865e790c,0.01848,0.296,601,41,59
0x019ed608dd806b80193942f2a960e7ac8abb2ee3,0.13077,0.49,1307,61,39
0x7f7ed74ba8d347640a0a4150751879efa6a5c8cf,0.00667,0.134,920,37,63
0x1e51745bdb4436563097833ba83dcc51109d9fa8,0.58485,0.168,682,34,66
0x329c54289ff5d6b7b7dae13592c6b1eda1543ed4,1.1683,8.333,789,39,61
0x94b7a4bf420d2997ec911bf41d90f3b5af417082,0.01561,0.312,495,36,64
0xa0556e8e8b617f184c6948df2c08ac795036daa5,0.09233,0.154,932,41,59
0x2a92195a610f21f8da1801ff9756aaa11319ef68,0.04219,0.216,811,43,57
0xd2602c7bdfc9f413974e944280bbfae275d1b1b6,0.01518,0.84,193,35,65
0x48f88a8d8e4a9dff33c0a4d857a81a189c2d6e07,0.00127,0.099,1855,34,66
0x53c40473dcdfd927c4201ccfe24e314a7d7c3584,0.02677,0.654,971,43,57
0x96f57a97c1ba3f23d44dd2f444fd14f40415911f,0.00876,0.209,422,33,41
0xbed050c15224a53a12815fa79f2b1ef431887eb2,0.09201,0.49,569,42,58
0x7359d046576e285458c73260cb0172d542c37669,0.01493,0.151,173,11,12
0x7d4d64a7b34310d5cfc19181b2a526cdcf462cec,0.12668,0.144,832,41,59
0x19eb4802563676fbff2cd28605a130654c30e1df,0.01222,0.029,616,2,15
0x24f15402c6bb870554489b2fd2049a85d75b982f,1.97441,0.072,807,21,33
0x719028736f10164c838ef129936779ed739312f2,0.10758,0.159,376,20,37
0xdc52350858b60853d93390ab38dee3ce7e147fa7,0.06235,0.383,1157,27,73
0x2fc3fd7c06adfc48736122ea33820038cc16dcdb,0.02407,0.429,2057,46,54
0xb1b7586656116d546033e3baff69bfcd6592225e,0.08776,0.51,1633,38,62
0x0749d1abb5ca9128432b612644c0ea1e9c6cc9af,0.00311,0.156,522,34,27
0xa8169bffcfc29643781d5d2d0d10cc7fd66ae377,0.0315,0.495,330,43,57
0x0d6e94d085a597f316be1833649e05a45103e873,0.06725,0.392,1961,0,100
0x0678e836c26abcfcd2b7e49559aa1a8b0f3ad36a,0.03045,0.549,420,56,44
0x819fec659e1c225ce330b02e01f1e4c629e92a7a,0.01896,0.318,528,41,59
0x059d0025e4e1bb1a37f2c922e54b139bc1231ee0,0.01878,14.286,575,90,10
0xd8263b8b277c7df352f1851923125a07a6982540,0.00598,0.207,693,35,65
0x4599acc33c2c8f47dcb9646d5120a874fcb6b1d6,0.06092,0.191,451,36,34
0xfb1626c0311392c62723d06fd3c9160404da0f33,0.02507,0.187,413,23,51
0x7fbde8b27d2b4f164b66f2a9dc02bbd6697e5b19,0.80022,0.135,566,31,36
0xca5ce67a4cc81875f9e687c24ac81d1a6a2ee841,0.01342,0.217,349,30,39
0xf3fe8c6c75be4afb2f8200fc77339abe4d7cff33,0.52787,0.196,417,22,57
0xda31160a4afc898c01a44f2f3b1b880b6356940d,0.0197,0.082,650,16,37
0x9e4d15e0ecb571e7e66831334519c76130f29636,0.1516,0.135,1661,39,61
0xa5f753272d7157661b36714be0ac7a64ff2f2973,0.02297,0.191,228,12,30
0xc26892f608b3e97a24149f9c273449416e222060,7e-05,0.305,672,46,54
0x9109358674f1c9a1a945a1d9880fb7ef1ddc43a3,0.1391,0.478,513,58,42
0xf05e75e42272ec60ba6157d647924fd2de7a9495,0.32486,4.0,992,47,53
0x337cfb6e0466977c6419d5dca8fa8b82904787b1,0.00205,0.196,516,33,67
0x92bbf680e4c1557e888a5f51bcd02749a2df6f3b,0.01475,0.11,289,3,20
0x9fdee2c1883d46a5c0c72630da1eb7d70bf9c32e,0.03071,0.076,491,7,30
0xf9e1d1e9f22c96752356adfd377231528c7e851e,0.18602,0.194,895,36,64
0xc34d931cc6290dae177a6fc645db444a132a442f,0.22356,0.054,774,20,21
0x513b4fb84df4f8e05c05cdcbbb8d04c482ec0b4b,0.23055,0.054,774,21,20
0x4a7be1c3890c9b12a413a6c3747a753deb69d4d8,0.02161,0.19,471,29,44
0x06fa22d76a0205f4972580e63090a97f1c788f67,0.00904,0.143,491,20,47
0x04bd97d1f9324a11e0feae5f85b0d96dd1a94f27,0.00286,0.097,209,7,11
0x12cb4ca94136b6e8fb11636c55f47d0885f3dc64,0.22638,0.06,774,22,24
0x236046d33a156e4537fd9764afbecc8426f18d99,0.00126,0.311,1941,0,100
0x3bf7f65d1847720d08c2bd0d8e2823ef049dab20,0.01601,0.073,491,6,29
0xded77410241c3bcc3997c1f92ad622b9eacb2c6d,0.29291,0.054,774,20,21
0x49a7de07d0051961abf7e3d30aabcc4d42716586,0.10601,0.206,771,50,50
0xb75d08b1bc49f4e2b0e27c7f77aac9bd49333d29,0.00833,0.077,491,6,31
0x9f8af0bef30d33811aedb08f5e642d7b0a176c32,0.02916,0.214,594,56,44
0x6e0f19c2d538c2123b73b710c0bef48bd05bb040,0.09067,0.227,767,52,48
0xa6d51779b45bdf1c5b6bd0fe86be2c2d9481e69d,1.08474,0.124,479,24,35
0x9088ebbc5b0e28076ee1ae578d8823ae813f8acd,0.00676,0.04,746,7,17
0x7bb9dccc97052ddef05141897fe8313fd4ad0418,0.01469,0.101,607,21,26
0xce436e5b28918df04ed04d14b06081797e31ed77,0.19132,0.053,774,21,19
0xda90f94194f093db4f27e10a4d0289cee9602459,0.03218,0.286,523,49,51
0x22a6a40223d99a1112e9975fc4e4e41726a4805e,0.01474,0.199,491,35,58
0xcc0d8f409b149b92c089b5a9177331338671501c,0.0228,0.332,501,45,55
0xc1939cf04d055a33179c80eb7593f024855444cd,0.00162,0.042,746,7,18
0xd80d57e2d1cbf09b14626ec3974f12c1952917c8,0.01201,0.333,512,40,60
0x166d720802f189a03f43f3b1132369b0fd9e1c93,0.01843,0.073,491,7,28
0x8aa4243ef5fe3d6ebe375fa6d47a710266cb0caf,0.17045,0.29,638,41,59
0x80a00ef07c5889be2c5f6e05a951ee9adb6940c0,0.10942,3.226,982,45,55
0xa884a2f1a5ec6c2e499644666a5e6ef97b988888,0.02641,0.204,704,32,68
0xde88d146f61463d582262a1dcdf6ea1323aba34a,0.05907,0.571,477,61,39
0x77d25848b2396250df5860ae566f7c341d81efac,0.10637,1.176,1951,0,100
0xd85df04c47d6072e84a2f5758d7fdca662da5cce,0.00124,0.095,1804,5,95
0xe5818d70a9b5aed2bfde4e41fbcb07dd80f8fc84,0.1085,0.369,1603,39,61
0xe77587e3a723b1d314c73f77e822b704a3ffb403,0.01668,0.066,491,6,26
0xcb630c28658d8b4f0509d628d8d947e6f95ea20a,0.00803,0.113,1823,10,90
0x6f0c3105444e9ad288ed64674c12420593a1efb2,0.1401,0.126,721,40,42
0x12734f36e365ed769b16b4157e26b9ee7180e8ca,0.02565,0.063,774,28,20
0x00cdebc042c87c95e439e1aefa0bd3a8014da577,0.07104,0.231,634,48,52
0xa44423295590a9d9f95ab0b1c3e9ff2fd1ffc909,0.04923,0.185,1945,25,75
0x7811df09c3415e99beb22122123932e2fe1ef0b0,0.45726,2.778,824,24,76
0x1a74d0285a569120aa2836cb2b0fa58038adb800,0.02094,0.288,558,40,60
0x3670a2e117a463a25de0c21ee0b89068d722c15b,0.01181,0.027,165,1,3
0x9602c750905b2dd6d5f477d68ff218c7dc5b943c,0.26603,0.179,324,15,32
0xaf72e36d1d16ae80b6811a99909cb92396d18777,0.05081,0.061,774,27,19
0xbd7dbab9aeb52d6c8d0e80fcebde3af4cc86204a,4.41561,0.11,618,27,39
0xcb3cc201e8ce85370f2af36c74abb5da0ec9e1a3,0.01566,0.077,491,7,30
0xa521e425f37acc731651565b41ce3e5022274f4f,0.4083,7.143,917,56,44
0xa9fad5a2da799b5d9b12d1aabd15421ca17a19c1,0.00654,0.06,1953,28,72
0xf7d0d608e68a7e970f51e8265eb2a8266d804c1b,0.01507,0.22,221,19,29
0xf582a7c87888714ca875a70b0971f55bde6eb148,0.02973,0.128,1724,32,68
0xd110421a743a19a6dee233c32417c089b2684f1c,0.00241,0.521,585,40,60
0xc0b6389713bf59be9e77be9a4e4311fed48c8d38,0.07737,0.122,1793,47,53
0x363abd787ffbb039a51716b756eceb46881788a8,0.05278,0.204,804,45,55
0x2169ec73eeb5287ed3180b401b6383beaf5a2011,0.00316,0.296,326,31,51
0x5ecc25d1f658af69d9b59fcaedb2d9ee38254036,0.12265,0.348,579,39,61
0xcf8b1406cfc9749518b908b19d81c45607ccf162,0.08768,0.27,582,35,65
0x171814db6dcaa27d2f88b1d31e306abda53e7526,0.00696,0.04,766,3,26
0x9cd7d1981b3e15a2dee4d512ac60e0579ae18546,0.10409,0.104,491,16,33
0x7bd0fafe34a8b64afaf16166d644cdbb2b950aab,0.03334,0.325,811,44,56
0x5d47e5d242a8f66a6286b0a2353868875f5d6068,15.47143,0.208,1903,41,59
0x9fa7d42ef9eb89ef6fabdde88207fbe6afa70626,0.00257,0.089,474,3,26
0x8726d038c8bf67ddbd7d571895ecba481d649997,0.00797,0.07,491,6,28
0xd281f988242c900d67ff2aafabe683b8004ee778,0.00747,0.571,43,2,2
0xd6e3df580ebef6c6fe979fe2e2a9c6edbd5445df,0.01484,1.299,178,36,64
0x60663af31be6fb5f4c89cc2cca07f0bf3b2cfa94,0.22366,0.269,1771,25,75
0xcdc83283293a2bfa2a839a762d036db6d075725c,0.00431,0.033,318,1,5
0xf3b23bb212567c174f356437f98544bf13164436,0.10307,0.174,560,31,65
0x67d6140fda661346ad4785f35412aa43fa3224b1,0.16407,0.493,383,48,52
0xbc1500daaff721f626ef1a4f1a8c4e333648c5a4,0.00788,0.297,482,44,56
0x99159db6734d55fb04c005b9ae05671d2883c5ac,0.0262,0.063,197,2,9
0xa0dd8e6c5440a424cd19f5ec30f8fa485e814247,0.39489,0.139,1151,82,18
0xe9945b3acbdc2f9dcad8871f01aa9dabbb20d882,0.22295,0.346,967,40,60
0x7019be4e4eb74ca5f61224feaf687d2b43998516,0.45346,0.263,1294,43,57
0x16a1f016a5a371ad096be434b287b1151c4d7cb7,0.04661,0.494,181,43,38
0x227fd2fd881cc6c99dfccc0fb40f2b1dc2f3f36e,0.01537,0.352,833,33,67
0x83e28d08f59343cd13ef93bb4423d67ceb80096b,0.01477,0.048,916,13,30
0x3afb5ec38dc42d310e4552f19da56b13dc2ff8fc,0.02108,0.264,152,14,20
0x0a256324b1d9fb59d4c490d93c8d5555f2fe4c7a,0.18364,0.067,2029,40,60
0x542dc17159b0b166b4e6dbdd0a7c0c951efbea38,0.00021,0.047,602,9,14
0x3fb38cee8d0ba7dcf59403a8c397626dc9c7a13b,4.26961,0.328,704,50,50
0xbb8fb8fe5198f25d117c0e7b1b9c8260cb19c3c0,0.45718,0.571,859,43,57
0x76d2ddce6b781e66c4b184c82fbf4f94346cfb0d,1.30075,0.34,1278,43,57
0xa1e86151382ec8b34821444fecc10f7d054ede6e,0.00048,0.067,216,5,8
0x3f170496f84c11668e00c572f391dfc5fbcd1db9,0.12288,0.452,274,50,50
0x1e39cc29009ed4760c186d8771295c1e224882d4,0.44241,0.098,1794,41,59
0x520cc7572527711b8c50bcefe1d881f8ddb5fe8c,0.02629,0.388,570,61,39
0xf7399f451f4ab82340f012a27781e9f79c469c4e,0.01917,0.14,158,5,9
0xaac0aa431c237c2c0b5f041c8e59b3f1a43ac78f,12.47801,0.962,688,40,60
0x5e4568c4d8343052a06ec8aab1e124af08b73248,1.99804,0.08,1834,43,57
0x73064f6c1c5dad8d917782aec16ab564feb3c011,0.93238,0.067,2008,17,83
0xb6a05c09ae091ea13c41caf6c37eda26cf3260a5,0.03189,0.129,264,13,16
0x48f7d45fa696dc89ff4f2233b25490455ae19dc2,0.01935,0.202,1156,31,69
0xf42ad66f4b66628584f2e97421a008d62a8f116c,0.01531,0.168,934,32,68
0x8c868ab6ea5aa8bf37f58376f0a61c3728aef904,0.08316,0.533,181,45,51
0xd8b40db7267ea9ae42f83711ef704079816b0f43,0.07325,0.512,177,39,44
0x1f1c29c94abe2b8f06b403cc5a61c479167ebc3d,0.01178,0.047,995,27,17
0x1e34b42f23871aaf6a8bff113d7241ad6b936ee7,0.56717,0.467,675,40,60
0xf7e8caefa7a22999aa7a2dfe7be570dbb341afb1,0.05046,0.392,406,46,54
0xdaf45073a54cf4afc3122bf39d26e9620192f1b4,0.00213,0.515,373,38,62
0x5ffff94f7557f3e95b36210623cffd4bf1b1c064,0.00295,0.6,154,3,9
0x5d6ddbb7252681c0203e375284f202cf1ede8eee,0.02369,0.147,692,35,65
0xb9ea5623ad4339c0fe09d16b1abfc47498e70dae,0.026,0.541,165,39,40
0xe58585b22cc2ac4270a2b92c2d2d8c5db5a3330e,1.20524,1.639,1176,38,62
0x615ff929f833d0ded0287fb4ef19dc83ef5bfad5,0.01489,0.137,376,17,33
0x7ea9b8ba0d889ba42458f657ed27244ad593dfe7,0.14746,0.21,746,42,58
0xa3f066285ad422407acbf6765fc1a71505bc610d,0.47335,0.265,520,34,66
0x3be9909766f2d5c3bf3e587ff4e53790ba4e40af,0.05128,0.134,705,35,59
0x82c1a36cfad0b937db02e38e98efaf9c002a02c3,0.0,3.0,135,0,3
0x91628ddc3a6ff9b48a2f34fc315d243eb07a9501,4.76398,0.485,955,49,51
0x8becd7ebf3f910090f9264dfd0bb221ea04af8c3,0.40056,0.216,677,33,67
0x12b581d51c95ad0bb8824e31ce588df0429a5c0c,0.02855,1.538,125,30,70
0xa788e0586409fa4eaf986e24604003adaa3dcc9d,0.07277,0.227,337,32,42
0x544a40955ba1c7e56e161a59e1319e3313c25251,0.19498,0.115,1783,39,61
0xc47ecb8853f5916374a9e805fb3732fe8b7d5758,0.00419,0.0,0,0,0
0x90e0d37f59b4d3202880d2fb17f3e50b7056f762,0.16232,0.585,990,45,55
0x9f9ebce72c0715cdbad4d589986eb22f6782a1ce,0.0925,2.128,911,47,53
0x565ef6cd1d7ae856ff3d8a52607b8a0d81bf7e0c,0.24541,0.147,437,8,41
0xa77797a13930864d35cd7c53d0830aa775bb181b,0.10882,0.13,436,18,37
0xbc04652b7657e9a7c2778f04b425683955de88c1,0.02614,0.12,935,45,55
0xf8d427a26d6634ca085685bb520dd085bc3d22b4,0.00635,0.034,683,4,14
0xcdaa63e7762d078c07f344eb05b1d6c792fff2e5,0.00732,0.485,305,29,68
0x3158ede7ad7680df78541af3ca60b4d09dfcf41b,0.01604,0.07,491,6,28
0x004ee4f2e7c94f313f4701f9755dc0171cbd6721,0.0017,0.0,0,0,0
0x576eb27cbf54518d3de5a38ea7746ef6a9b8b5e6,0.0493,0.285,931,52,48
0xfe107523a9c4814ec70c2fbffbca82e531d96d11,0.00517,0.037,683,5,15
0x269131c4c54efcfe90d7ea2f22950ebdbc3a146b,0.01134,0.034,683,4,14
0x9f3c061270c4492bc65bf976762742a861e6236a,0.17698,1.282,854,48,52
0xa57a0f70e226a9cfc07bb89bc3900a399503932f,0.00192,0.09,124,5,2
0x9bdfe468ed0d21ce9290e4b84575208e36ac0609,0.03379,0.12,815,33,64
0xc134f280c35dfd5ccd47ea1584e987ab64389fc6,0.17403,0.065,1741,43,57
0x15d693444abd97710437de8b9bc271137994cf5e,0.00124,0.204,719,41,59
0xa32e1e9dfc2f4c932bdee317de7dac87f95fb66a,0.00774,0.032,683,4,13
0xd0ac50d9f7516be16e2449539394a3967bea03c7,0.03108,0.207,1137,47,53
0xcbb54eda2048b57d1b0afb19a73948e9d58b6973,0.2048,0.337,754,36,64
0x9dab43bc15bd29cfe3030ca1b7edb3eeb9f3b6c1,0.00234,0.18,544,51,45
0x7d3bf2cb39f5ceeeca91ecc8201dc01616ad089f,0.00326,0.128,1551,25,75
0x7a3c2b884b93e4015f30cf0b700f9e54ba520995,4e-05,0.04,746,6,18
0x5563db9858c9462396af6d3193c826dba1e1da51,0.00452,0.011,1014,3,7
0x841ad0abab2d33520ca236a2f5d8b038addc12ba,0.53782,0.271,1288,39,61
0xf5a10127c41895358f1a617aed7cd846ca90d392,0.02989,0.034,682,4,14
0x14ded26106859aacfe0b658f4c101b13dded952b,0.00576,0.037,689,5,15
0x6df76a4186cf6605839c55ec247cdd59b4cff508,0.03636,0.168,565,37,56
0xaf11b3b0ea9c697e92abda3d89d5c942fd4e335f,0.19966,0.23,503,43,56
0x8f32e75ab8b2165e452e80850fa6ff8869d49d19,0.01242,0.425,159,23,34
0x9b19bb1fbe8978d8a2454cc3b812dbf1341e03b3,0.03567,0.278,92,4,11
0x8cdfd78c8829c94d0d9b1d4ba4ef1011f80b5234,0.026,0.04,746,5,19
0xa6b1f5959b2ec60a95409702e183f9ed4cf009e5,0.0,0.0,0,0,0
0x547d7ef04c005a44a3cc89109d2cc78c85679586,0.01661,0.356,314,33,67
0xe3f97e97576b4edaf30008a2586f9fdd417a745f,0.11577,0.087,437,4,25
0x28c118cb932bd3037634789b0a780f6b01e77fad,0.12279,0.211,560,36,64
0x164a8379198a8d7155a1f0eab9baa256078d378e,0.05638,0.242,704,40,60
0x0e1b549ecbda4c7a2e29939f5b8cfb4bee1df85a,0.02905,0.14,247,13,19
0x3016a4a41d1ba5c82ae6d1217742467c9b3c5900,0.00802,0.027,1793,10,38
0x2d4f70d69a292e6d86934fa1ad7341e89ea7cbf9,0.0139,0.035,682,4,13
0x177821cbe97b3eb0a20de1fd534bc7160cbcd76e,4.22622,0.22,840,40,60
0xb6d17997af674ef938bb3ead45bcbb54284a9a9f,0.01556,0.046,897,10,30
0x2f1121edcbce01b87a26888dbdc4f021a10f9390,0.0,0.0,0,0,0
0x9a74ec99bd88eca680485da7f32fca05af375dcf,0.03846,0.292,558,49,51
0xb407a627a922cef3455cdedf7b4adaa145f5d1ad,0.00165,0.026,975,8,15
0x4095f2b8dc6a18ce295699b0ab6ca16980881e48,0.2192,0.175,837,37,63
0x050de5d3eef70a4685e1db962500f463939efdb7,0.00738,0.064,491,5,25
0x1be693074c32541919bba91ac873464a29c09d68,0.00124,0.214,349,16,27
0x8c01527c46f0add00d4b52110b74e4a883590ca7,0.01057,0.69,405,35,65
0xf15a4c2eabd5780688db52d5d6dd7bf3027d83a4,0.01117,0.043,771,7,23
0x4939c26c681706f0e780204c7414ae998758a12f,0.0068,0.287,511,39,61
0x952c23f8f067a5e7e165ff0e42491f51d87dbc95,0.0448,0.163,1909,39,61
0x972b8ed609d5577739cc585bc0ccab03aee621af,0.00145,0.297,157,19,27
0xe7cf8fce5e83e07e56e2ebfeb7651f459c47217b,0.07113,0.741,853,66,34
0x7750b18cc5398f2bdde8dd368762d85e764497ec,0.20835,0.173,321,11,29
0x0972ec8fe3c691dbdf2277612148c97a90111857,0.00108,0.0,0,0,0
0xcd628cd098358c453bcc7cdbc03678f5c2b9a167,0.01629,0.034,683,4,14
0x21dbf2e0a5f377f7098439b64fb5a67a5d18af45,7.81326,0.382,987,45,55
0xad95a5fe898679b927c266eb2edfabc7fe268c27,0.2899,0.341,301,55,45
0x8c155a38df395fc6c913e1eed4463c03055ffbca,0.21883,0.166,636,39,61
0xbf760fd4535fb211e5c6881b28283b60d1a059bf,3.43482,0.226,982,49,51
0xefd67615d66e3819539021d40e155e1a6107f283,0.19666,0.403,846,59,41
0x8e2f7d5aaae5abbd5052acb74019b9b11cb74349,0.0077,0.08,1923,28,72
0xb0e83c2d71a991017e0116d58c5765abc57384af,9.53581,0.324,2282,31,69
0x155b6485305ccab44ef7da58ac886c62ce105cf9,0.02407,2.273,594,43,57
0xa2f8cd45cd7ea14bce6e87f177cf9df928a089a5,0.02494,0.87,274,55,45
0x25ad2667b19e866109c1a93102b816730a6aec3f,0.13408,0.391,935,32,68
0x2b5a0be5940b63de1eddccca7bd977357e2488ed,0.001,0.658,927,47,53
0x939bac3bad78752763be4dd1da19e8e70995a408,0.02744,0.23,414,31,56
0xd2ff37357b09c9cb698ca9773400e44195bfcfe0,0.00123,0.0,0,0,0
0x00951c1d1241f9be0ef5a55a1755fa49c5629ebd,0.05683,0.25,391,35,59
0xae256cd2d13353e549d09aea8d4105c8d1cc09d8,0.01911,0.23,589,40,60
0xa3850b47183e78195d19e082cc07eda3370e575f,0.01524,0.007,1649,2,9
0x5cfc2c648ba36144644758f8d39553c0ce355fc6,0.02921,0.239,415,31,60
0x6cbc8648f79f76e9301ff12b96c429cacd2ee776,0.007,0.094,329,3,14
0xcb53a818042db647cb01672751b0e4efca29cf55,0.10904,0.621,451,52,48
0xf519fca4609a234c51624a75b7790465cbf8834f,0.00067,0.054,372,7,10
0x4ac4ff89b9d4b3daf54942e3df63751a4a54c735,0.02126,0.159,1573,38,62
0x1471a70998d62ce884cbe552cd6bf1649b5c481d,0.00154,0.032,681,4,13
0x4c45758bf15af0714e4cc44c4efd177e209c2890,0.53861,0.19,526,47,51
0xb91e8c6d109802965af67950ec13d7bae8495408,0.08692,0.128,1922,59,41
0x1e5af7b64cecd78f0141450e942f19b1935c495e,0.00326,0.078,844,26,39
0xb8a9c37240e8b72f42a88f1099e6c61dc3e96756,0.15285,0.271,680,56,44
0x8168363c12488275050f75f4decd92b773f637f9,0.04274,0.219,722,38,62
0x05a7eb929209f5c1f2f08dd087b64bb1beba99fe,0.00048,0.018,711,5,7
0x01ec4a63e8bd579e1a2cea4763cf3a5da5e48e8b,0.02892,0.495,502,34,66
0x5f4ef5c539a56291665fcca4e6b7a6446ad11cc1,0.01128,2.439,943,37,63
0xde6ef31cd07d55f01a1d906747325c3a47c4cbb4,0.00744,0.118,152,3,8
0x8864486c1be43143b2fb2992777ba0b85129f3e4,0.16562,0.235,674,38,62
0x4131826eafdcb7dcd855fae9098ec693165f157d,0.0416,0.366,998,49,51
0x65813baedfd68029af5382672b0e4dd2e6f27952,0.33999,0.055,1912,53,47
0x909f9ef8a242e2df9c65c2535f3521e9bd5212eb,0.06051,0.8,1731,2,98
0x31b88926d15f8b0f0d57a85070f382541dca226e,0.25271,0.215,631,37,63
0x8933e40728ee4e2493f09faeaecf98018199172f,0.00228,3.0,681,2,1
0x86f5badc9fb2db49303d69ad0358b467cfd393e0,0.19023,0.088,706,22,40
0x543b65d285d708b6f23d667a0cc554fb22b458d7,0.03707,0.276,534,37,63
0xd9220628480f074fe8d1d9a493c0369e6c4fef0a,0.00772,0.118,1731,32,68
0x214865f51f3181c556513912f5014175121ecbe4,0.00392,0.062,491,5,25
0x1b3dff537b7d46a0d30b1d20b101c483586747aa,0.16262,0.099,1665,44,56
0xad742059c1536dabd8bd51134aa83b7fc7380a27,0.19641,0.287,1031,46,54
0x38f0e547f6f617967b88043dd77195514ef85eda,0.07842,0.136,938,34,66
0xe8f72382109af3ef787cb9ea983ce33c741b3db4,0.26031,0.185,323,12,31
0x422875df5170a421897e6af87d77fc1a78ba2d1c,0.20581,0.163,502,30,44
0x03f09100415c7dae68577917a0759d57a14457ac,0.0,0.0,0,0,0
0x2805ddf1dfedeca06752907f493f5a5c9bb2c902,0.51353,0.168,493,19,40
0x81cb7a3b214af3c397575d175c29dc5b92211895,0.01055,0.113,938,36,64
0x17cf5522f1283c44feff7932f199be23a36f2cc8,0.0,0.0,0,0,0
0x34d2ac3b0b8483a77e982c924cd71cf0e72429ce,0.00369,0.173,248,20,21
0xf378fdf633849099061a79bdd17071aa92572144,0.00265,0.02,482,2,5
0x74075d1a2481f25343b32bb1a7bf6336ee42b016,0.14111,0.199,784,40,60
0x1f14c2f40400471fb4a3aef1390f6bbbf2ad8f99,0.27006,0.157,872,34,66
0xbeb439195367d87184733badb1f4f26a7df9c576,0.0424,0.285,492,37,63
0x27695076ef87e7749ee7ca387f47549ee55dade3,0.05994,0.243,414,32,60
0x2b29833a831207a3b92102b0708b32d624aa0f65,0.10128,0.149,815,41,59
0x00fddf15962fd7a4381e83dc82645cf2a45db33d,0.04001,0.051,1350,26,41
0xfc55274d4b5e885180403584bc9a3b68022b8a25,0.03421,0.299,226,21,45
0xec815e2209cbd0a34dd1c0dd4ee8f26d8f93cd46,0.00021,0.085,151,4,6
0x3c496d97c4d59eedcec93f44eacd104619159a67,0.00058,0.197,458,41,47
0x706d961ab69d54a0fcbaa13e77842279a5724139,0.43625,1.266,630,44,56
0x98488c8a8005e8cae743d571d2a0f87db288ea99,0.05955,0.116,490,20,37
0x36a4abca1028bc49a614e3c6e284224f628ed01c,0.00261,0.175,221,11,16
0xcfe856e0df0f3950fb118a5ad22b4021aaa60e9f,0.01682,0.149,322,10,29
0x8dcdb2db0268cde7b5c55492ef31e4fa3d187ac8,0.02799,0.26,530,37,63
0x58885c86f27c3c811bc6a49b22fa6c807b0efb4d,0.09305,0.251,593,37,63
0x13a5e7bde7477616c953ac4d4a1a82f751053efb,0.03005,0.211,627,40,60
0x69b5b2b2cd11db8c7ea7f9f042f39423497b8efa,0.00685,0.109,741,33,47
0x3abdb6c900c78dc1856798e63952991d2d648280,0.28464,0.154,320,11,29
0xa8db4f9c8e33019a72af300f03b936c35b3e75e5,0.0046,0.144,662,33,57
0x5594d52d1f83e50b4c765d3b85802a844db228d8,0.13728,0.075,329,3,19
0x4dd6720d2bb8721a46bdf9a528704164578e03b9,0.29314,0.283,498,44,56
0xb5311bea5b3f66288d4b9d47a0c8a4bd9cf33714,0.0,0.0,0,0,0
0x5141a72130dddf729a5c9e86b780a3c03fa8f549,0.02048,0.229,590,40,60
0xdfd0c50cedede32e72acfabbc9e34e59c743bd55,0.03681,0.251,598,47,53
0xbb7bb43af885549f1bbf5724213ee48b40ebee83,0.00836,0.161,413,19,42
0xaf55cf23c8cab7eca1160f372a11b5de073703c1,0.0,0.0,0,0,0
0x121ac669e4c99ef4673b22d57431b3a521292f2c,8.3872,0.098,1810,34,66
0xe0ae8c3d3081d77849f7f9e4b96ee3b5ea478825,0.00211,0.244,208,26,23
0x12cd3dca194161fe3535755075499f115982ee63,0.02809,0.323,425,35,65
0x0dd83843d0fe2dd9470201179b1b9fff28e75aec,0.0,0.0,0,0,0
0x2a6ec7eae877d36f446213f14df95f2e1b81cfd2,0.0,0.0,0,0,0
0x2ae9070b029d05d8e6516aec0475002c53595a9d,0.0145,0.188,176,13,17
0x3b6967e7d0f4309cf08ab6a4a88381f3da035248,0.0,0.0,0,0,0
0x259ae99f42509a851d4ecf54151c085ba103a1e3,0.00171,4.0,129,0,4
0x06f398ce76acc1fce97b7cab0eb2a96ba9230c9b,0.41645,0.68,2070,47,53
0xa927a9d9908f6470207ddf453afb03b30df4c308,0.0,0.0,0,0,0
0x63a370abfc8ed6132025f6dc8244ddf6205c174b,0.02688,0.115,655,24,50
0x6b759bf480407d19c8903c16023c706868c29a2a,0.10413,0.207,581,64,36
0x766c64d809056fbb492fdb410a6b4857c015619a,0.11933,1.19,459,44,56
0x992fb4f41663388cc611e8ef25e714a1541e456f,0.29067,0.763,481,48,52
0xb47116c96385ae3796d8bc25629b662d6df58746,0.02296,0.068,491,6,27
0xfabe6c1b1be983811d1616bec49f679e1d8e928e,0.38236,0.168,395,15,32
0x18e9664a094d8d134bb3bae84119305afe308ece,0.00214,0.741,1201,7,93
0xe9acf4da1d412e49e6c171cfc34838fcb1066ead,0.00757,11.111,970,15,85
0xf30fc56264d65f241d5b2f0c861bbff7555656b9,2.63581,0.198,902,39,61
0xc7c380c8fefa2438332b75f2f6050a3698a0e741,0.0,0.0,0,0,0
0x98a769898170076c334ba5d1e156028aefd9def8,0.02434,0.926,220,38,62
0x6dc287b8892fa706360d11bcd59bbc190486a219,0.0093,0.266,355,46,39
0x8e60a08652a1dea4156da326e4034570918f7722,0.0,0.0,0,0,0
0x12ef58947285f01ce8d8ecd90b3ea384b022cd1c,0.33149,0.079,881,27,41
0x1ac81fdcd10b27d2af73ef0f097159cdf0f0aa8a,0.00545,0.177,414,22,45
0x0de92626498717585f06e5bf5b85a7a88872f5b3,0.04423,0.115,1805,32,68
0x79e684a001fdd917fe61bf0643d5800956c91a83,0.03444,0.099,760,25,44
0x4f5c6984e114d654c90e85dd4e2972920c625780,0.0,0.0,0,0,0
0x3b78637e124f302ca73257ea6babc705ac0208dc,0.00131,0.162,578,57,35
0x3dd8805ca4aaacebaee55cc3b4d81d3a72317844,0.79006,0.474,326,28,72
0x871f20958f5aaaad34f6d43502846e7a9491d976,0.0,0.0,0,0,0
0xd12f7211071a20ce76bf9fb8e069036b6fb63c6a,0.14456,1.22,605,55,45
0xc457ff8d72166a851aebc8824c4ddf517a55f336,0.04567,0.035,577,11,9
0x08420b20df9259f615367535da31cd609bb1cf07,0.0,0.0,0,0,0
0xcfc36d000ef5f72d212bbeb6c847a9a78d9b169b,0.0909,0.265,672,52,48
0xe65c2be6254731e93368cc071a2420b0c961451b,5.43332,0.201,2107,9,91
0xa3632dd93b046817ae313a22a0e76cca971499e7,0.04503,0.274,515,25,75
0x618ee1b1276781cfc7180266aaa737ab8df48518,0.00711,0.201,712,39,61
0xb748d7e2900601abb02552e373b0da243ef2b850,0.10898,0.662,1969,35,65
0x50d2dec635c48f5e8cede341df87c651c6cd5318,0.02117,0.211,615,41,59
0x59fe0c702e9a2bb773ef6c97f9b30436d1f74aea,0.0,0.0,0,0,0
0x51cb9d27b98a84318859704c1af63088ab86592e,0.04981,0.181,760,44,56
0x95c557a0c04d0d91a1672f993d2660afbf6db39d,0.01735,0.078,722,16,29
0x60913b55ae54c325be3a8960536f1266aa648197,0.00692,0.026,766,2,17
0x57d707fab0d9c2dd4f255f1814cb156bd3e099c4,0.0019,0.084,268,2,17
0x491e83d1f86d1f753050d17becfba1353cf3dfa4,0.02653,0.243,611,40,60
0x84b4fc4818b865cae1bc241ebfcc930d9bddee02,0.00351,0.041,631,10,15
0x7b1e8b4c96982d828ec3d99bb4d5951ac62d94a5,0.03922,0.063,1768,38,62
0xdf2adf272e40fe277321b21aa58ddccc3bc648ee,0.03485,0.893,178,44,56
0xe6ec7f3155bf378a24b93677eff2ccf05def231d,0.0278,0.254,472,36,64
0x1a7fc76f1ac7fecb71256a79482dd5ad879f293a,0.00017,0.105,531,7,9
0xbac3ab60a1643e5f5de8eb62cb4bb232711d9dcd,0.59247,0.123,404,31,16
0x67499af7d3de89efeb8934386316947d82dfc510,0.0,0.0,0,0,0
0xd2f7bb62504fbe33e3038bf2fefaeab42bad88b3,0.0206,0.302,477,34,66
0x5dbc6208cc2ecb91943355486987ab89b6e7dc2a,0.28396,0.342,302,48,52
0x2d59309df7ab517e554b5e9033f7950d57801aff,0.01743,0.272,516,26,74
0x95100e115de93251bfb5450dbf798e7504f885c7,0.00215,0.0,0,0,0
0x61c4d254051cdbf86dc71d13070a1b6e9abc2489,0.03955,0.194,349,18,38
0x45f233399c7e79b459722053cf96cbe7155b206a,0.02078,0.2,635,46,54
0xf4c6f1214f6577f5ea254656b9f6ad869217b658,0.00205,0.146,300,17,8
0x89a1d730aa1e78a0ede8dea988acecff0a6e99a9,0.12995,0.053,1954,37,63
0xbe042ef3fab06b43a1874a79d18d20b7f1468dec,0.53439,0.134,786,42,58
0xa8fa325872a3929fa7a3bbb6bc7ccfcbaadf2cfb,0.00456,0.305,620,40,60
0x26c75762dfa660acebadcce7f90ef20be3224d3b,0.00921,0.075,1832,39,61
0x6f51697ce325582c1a303baf4e3599a84832945b,0.0,0.0,0,0,0
0xc77af77ad225b6b84a698978c10bfd8ed8fee692,0.17218,0.319,520,36,64
0x41477a57a8916237a8ff512ba3d9bf487d9cbb79,0.01285,0.386,418,50,50
0xe099d39b893f81cacab91436549d22ef8171d4e0,0.7226,0.134,1381,37,63
0xf85d8b1db1f0820cdaa99db3dd75559960e322c1,0.38075,0.066,1826,45,55
0xbab8adae732cd3588f51f3050decfe2b79a3a973,0.0,0.0,0,0,0
0xf6d639fcdd2467139976675fec588ba970e7e599,0.22284,0.184,437,24,52
0xc2d70ffe112d9b18c8e093b05c2f785b1ce7cff2,0.00065,0.074,1387,31,69
0x365c59e3479e1edb76a6614048b75696ffb5acf7,0.0,0.0,0,0,0
0x57fe9849b297af6e3182d5a893f22369a4f19b84,0.07974,0.103,303,2,14
0x7f7ad73518c490885723b425a998921bb3cd309a,0.0298,0.197,432,18,38
0x2917634fd7319c38d377fff1d9ccac4505921339,0.06914,0.444,2043,37,63
0xed1e28a76690bfa83ca01505ac1d4ed4ab23272c,0.00278,0.549,305,44,56
0x359ab6f45a005a3f6e41327c705ece4e27f0dcd1,0.07452,0.144,329,3,23
0x38048af4da7d79d2b553836a6d4950d0ac4b60f7,0.02017,0.035,147,0,4
0x30bcf4c98e6967eb7e9a2166df9a9b95848881f2,0.0043,0.251,284,20,47
0x112e3e9cc361183c37a59a6172916ec8ce0d08eb,0.0,0.0,0,0,0
0x39f143851cd023a58a324fd2c9ed49c2cc916f30,0.0,0.0,0,0,0
0x16562e41112bf3f574a82cf17ad04ef3afdcd1de,0.00047,1.961,1783,6,94
0x81f7c3796f4b024b6700a0134a1c509acf920324,0.07313,0.325,957,44,56
0x9a2a0b906b6aa0ff5882b0feb9240a6749051979,0.00376,0.167,304,9,32
0xab6f255dac71103ea6d57b320eaf0eec901b05aa,0.06813,0.909,1021,43,57
0xc7fcae1e32c6e2dca1403ddb4aac71c29905968b,0.02057,0.319,564,42,58
0xdd62107b880489c9183b01bc231de0631fd050c8,0.06191,0.147,225,7,21
0x6d8d524dbe93b62995285d6be5fbf3d0ccc0f2ff,0.01357,0.364,484,39,61
0xe7a2e3c4e89e454606409c40d6c63dc5e2addcbd,0.08997,0.045,1719,35,41
0x7ade95a44a3dcaacac4efa554167ac4a29528adf,0.0,0.0,0,0,0
0xe78c9c0f0e54ea0231fb4310c6345f19f06a3b7f,0.06061,0.134,304,3,18
0x9fefb01133f63d81b10bca1ee47be40ef6535443,0.04602,0.304,326,47,50
0xf20bb1ea28a496db525efbad28a23003c9d73724,0.03694,0.187,349,18,36
0x451a2f23b2a18f11ace266c4fe3943aea0d92cac,0.01174,0.226,655,42,58
0xde255aeefd61d58eb2ee99c8fd08c4c46213a734,0.02361,0.556,187,35,20
0x6e832478aa89fb4507862b2955a3ef3a9fbaf3ec,0.06641,0.775,299,45,55
0x971e23dd0ae3c145a8120fa377fadfc27940a03a,0.03431,0.219,226,14,32
0xbcc7e64d6b522ef804450000f5bb8d944c7ddd01,0.03318,0.198,349,18,44
0x7a7a7930d462b959e5d1b34b0a34ca2452dcb1ab,0.00649,0.198,520,32,61
0xd8f7a0cc1baf9c56f9b48d3de836a21dbc979f1f,0.02461,0.154,927,36,64
0xaafb55532b94cf47b5ffabddd5aeae3e5197a521,0.11963,0.559,1787,1,99
0xc292573d51097347ba34bec624fd088dd3d0314a,0.00591,0.194,482,38,40
0xab769309ebceeda984e666ab727b36211ba02a8a,0.06535,0.298,658,40,60
0x20b3fb70cfeb01ac7ea11a412572848139a2b748,0.03387,0.191,715,41,59
0xaf694d15d57206ce52894e8e95294747145cd19f,0.05077,0.273,178,15,29
0x65ae5db4c367d89ac8f60d202b61046604e717e9,0.00011,0.045,538,9,13
0x3c5c18b07fc1f84fedda417d99afb9954936f055,0.07412,0.103,303,2,14
0x205f12866dea6efb18fc2f62f1c59a59c4755ede,0.49562,1.042,730,43,57
0xbd90f0243173e91385224a8117212d17c2e9e494,0.01403,0.036,1778,17,47
0xc2d1369b3d2d9c4261f8bc6b406e18c0c722bd7a,0.00502,0.036,132,0,2
0x38f0c7d7e92422b68f2d5b4a388c05df6d531f52,0.09359,0.168,421,21,48
0xace32e36e3f0ebf08c793bcf390e42831c5dd449,0.13703,0.144,643,33,56
0xa0773d10b691653a0ea4c7c9fedff6b4ca0cb5b2,0.00916,2.381,1256,7,93
0xd2ea42a69287a0a1bacd9259fbbd61a5db977248,0.00681,0.248,682,36,64
0x6d25a1e9e176ab058e0f19e67bcbcaac2be96fa9,0.04575,0.084,689,14,39
0x71f05a99e85c7ffb236c21e41e8324f8c733bb38,0.0165,0.652,111,33,27
0x5c08e14f5741ff7ceea43de66c3c5008b1355e9b,0.00077,0.162,792,37,63
0xf84dabe76b1a95413c322eff45e9768f732d1975,0.00243,0.373,434,40,60
0x5d942f6091b71c51afc9461297097ca4743cd288,0.11245,0.113,665,36,37
0xeeffa0e9f1e40968fc0e8fa40435fb64df0fb3a8,0.00021,0.074,746,4,4
0x658191594cda88744d8158813029420dcf137a32,0.00234,0.474,353,45,55
0xf69f3f81f9f99b183fdead8266f5de10d91a2a36,0.01999,0.033,455,4,8
0x48a0096b26fe285138b294afe0eb1dd705071dca,0.0776,0.228,575,33,67
0xa8768bd086c02c00d31bdad85fae96a13e7e62f9,0.00022,0.073,746,4,4
0x27b0fc6c4a5a0cf213a570097279a5bde61214d2,0.02625,0.102,1910,64,36
0x83e5e36defdfc754b9a775a7d7488fe247ebef29,0.00091,0.063,1517,34,57
0xd5fae9a76de0bf1063eee5d4ae05be77cb08e68a,0.02111,0.152,943,47,53
0xada29d37ef1ac3df5d76413ecf752013f7870202,0.00371,0.515,313,43,57
0x64f8e38e19c1b6992969dcd5769c149951018af1,1.28114,1.282,942,42,58
0x8b344c63ab88b731d11390a069e38aa33e3934b8,0.0,0.0,0,0,0
0xb809ca404338812792c371a4a78d71739fbcbcc2,0.07022,100.0,1353,97,3
0x0927f0f48e1302fa855a1847580badc09f942929,0.00023,0.073,746,4,4
0x5894e632df1dc87cd88c5ff7c5f3f299628ad659,7e-05,0.073,746,4,4
0xffd92144cafd599a5a93e4805ca4d8f0e666d623,0.00603,0.403,899,46,54
0x7e0305db11088ec12ab00b7d68f26ab31f722027,0.24687,0.167,789,47,53
0xe1a2cdd4fb58eee09da78db898adbadcfe5f1780,0.02285,0.546,513,43,57
0x124a2df3fa0702bfdc822ddd2c5d38a3500d3613,0.00624,0.022,326,1,6
0x341d2d099d0ad1986ce5e549a1a15631163877d6,0.00514,0.13,1259,41,59
0x4770f67db9d09ca7347c1fccbf3795a464065ecb,0.24002,0.305,584,52,48
0x542d6322a6bc65aeaf7681fa6bd5ca410bb5251a,0.04566,0.116,329,2,19
0x597fc897b6ab221c18cf51a31cef41285597aef1,0.05448,0.092,582,12,36
0x52dccc92c4fcc95cf5609efb081904805282d5e5,2e-05,0.042,746,5,6
0xd6587a974c7d3ece23fa53d5606da6b291311f6f,0.27837,1.111,700,36,64
0xf11a3703226a02825f23a02c1b3663be8fc46060,0.00834,0.326,520,37,63
0x31f9579fe765db7641e9554cbd6f037a72ae7e42,0.0004,0.072,746,4,4
0x479dfdcd59e226692176384ec7583dc38ff3f605,0.00994,0.14,570,38,41
0x8ee3fc743653bc3854a71fb06505ba4c988a3148,0.08166,0.385,564,48,52
0x44821e910e6b53b6c9a416abad4ec40e35463dec,0.0611,0.4,336,42,58
0xafaaefad7c0ea3c81cb7062bbd9123988badf498,0.13306,0.246,642,40,60
0x976d2dc8a9804d9d2f4bc8a42c76fe4ce7efb98e,0.00029,0.045,746,2,3
0x4f459dc2a1dac3cfb64dc5dceba6ab02d8e1fc1c,0.00151,0.326,619,42,58
0x56c30cec6aaf51cb861e8c271c9ecd43cdb91517,0.06469,0.113,325,2,18
0x49d68d930666c99416aea96fbc7ea355464d1d7f,0.00019,0.073,746,4,4
0x728b6672bceee270e92637bae8bacb54a9b32888,0.00431,0.163,755,47,53
0x3b60e31cfc48a9074cd5bebb26c9eaa77650a43f,1.05968,0.178,645,33,57
0xb4a4644914662fcd424a6025c28c02360ef4d077,0.01132,0.052,410,6,8
0x70a913620fee00f6120fdababf5d65291fce8899,0.00709,0.143,471,16,37
0xfc0591893b0bdb4322d25bdd43904aa9ab137140,0.04438,0.621,566,46,54
0x1c36e11840c374b1740c38bf708f9dc0f3dbbaad,0.31482,0.154,304,4,20
0xbce6ac172da935a8eb54bd102dd017e3dd2b0c9d,0.0,1.818,1143,21,79
0x43dd14091d6769db1a14873506132bbd7f04d384,0.01134,0.266,639,41,59
0x1d309aa3b2e470911508b9ec6bf12a029ae7729c,0.03383,0.035,1738,18,39
0xd64e5de2d257f9a093cc108f9420f449657b07f1,0.00499,0.177,269,14,24
0x1df2535cf0956abec21c4738534885d3849d6578,1.26324,1.754,911,39,61
0x1b8e05dea3412230d860938e91e72b028b53537e,0.00031,0.073,746,4,4
0x4879032313fa7648bf821f9880ba2c645d0f356b,0.00223,0.199,455,29,59
0x0e9dc0f9f075c51b32324d74055d961e3a97228f,0.01764,0.014,1490,2,17
0xe4b304a1edbf23eafdef0ae21796bfe102382f98,6e-05,0.102,746,6,5
0xbe6660fbe96b61b72bf35ffab40eb2ca886a7f85,0.1285,0.061,886,24,27
0x12f8976ba98dba27de83f65b5aefeec690f862a9,0.00297,0.06,680,12,28
0x9ff84b91998df96a6587db8dde8d4e47518107d6,0.03034,0.524,2129,49,51
0x8a59b454032dd474617c2289e9ff66de62f71129,0.00742,4.0,233,2,2
0xfcd05ed62ab38b82e6f19c2d063cd064a1ec6b98,0.00038,0.081,746,4,5
0x159525200c2860a4946097c8b251a7ad4ebde744,0.01217,0.129,268,2,17
0x4247c764ea8b1eb8bf8785192f671ae978e40e22,0.00078,0.072,746,4,4
0x09fa8fd60403a6d5d7fcac30bfc5c63f2811ace7,0.00928,0.101,441,15,26
0x426fccbe1fdb4411f1ce9301dae5d7b70dc28009,0.00069,0.032,266,0,4
0xa434eb11beba2b86f92d7b8b3f2174c8e8ac2891,0.0,0.256,490,43,57
0x2d054602f39ee2285fdde7300753e9484d42adbd,0.06912,0.191,689,37,63
0x3961e180df2789ad2ddfaaa9af630f3ce635886e,0.00033,0.123,843,48,52
0xe80d5a0fcf4aa6046618b67469d381aba9434937,0.01598,0.032,266,0,4
0xa49273cdbf5f77b151e990a843b9431e161dbdd9,0.01212,0.04,265,0,5
0x6f625ca653fcb4cfa2424cbe958aef8c6690c717,0.00902,0.254,557,37,63
0x9adfd762d997bd382028a579bb68bdd49d97493c,0.37982,0.541,533,46,54
0x710a76dbc6b7aad05bf2b18373d3a7ccf77e0c49,0.00529,0.053,116,2,3
0xf4c0a1c30086ff3e4055aaf9b4f249ab52477a95,0.01598,0.032,265,0,4
0x901397dc85072203da7b104460abc49e7d74adaa,0.0,0.0,0,0,0
