address,balance,Days_held,Amount_Received(OP),Amount_Sold(OP),percentage_spent,TDR,Wallet_Age(Days),From_Count,To_Count,Past_participant
0x340490d7ec33b53d7e987f714a283c17cdbe08a0,0.06804,68,4.27447732829049,0.0,0.0,0.551,105,23,26,False
0x1206ec7abf2c3d22051f6ebb249f065fc6436149,0.02768,68,265.3386959638924,0.0,0.0,0.028,321,3,4,True
0xfdbbaa6904cb32792e38e27c7f948f5f0cc17189,0.00108,68,2.865228058437233,0.0,0.0,0.622,139,30,39,False
0xbb66d05e743fdbacc6ad047da70ff831d7fa09ec,0.0991,68,2.9160156164383566,0.0,0.0,0.023,502,4,6,True
0x3a9318d247b0c55734b7e3f411b310b81d967ff0,0.01391,65,3.503641052698683,4.028147496103108,100.0,0.768,101,38,38,False
0x916e7408f85c04c09bc5b78900bd282955b68623,0.00587,0,3.8589284449348655,3.858929498656879,100.0,1.794,101,29,32,False
0x19dbf2a5294432ee4135bbe0681b81635d3ce617,0.10433,68,7.561014999722654,0.0,0.0,0.164,499,37,44,True
0xfad7f4d36f60642157ad1e21c809784987e3d794,0.00172,68,2.8719566504712866,0.0,0.0,1.5,104,26,28,False
0xa51f82906d726bfd94119487e3ddc640959fde57,0.00164,68,5.647697311150767,0.0,0.0,0.217,216,13,32,False
0x6e397d986a2da0173d3d5c7ea7aff6ab817d56d7,0.00827,68,2.8909725860038877,0.0,0.0,1.111,113,23,27,False
0x871a08a77dadff0691ab50eed10c0fd3ceb2b2e4,0.00036,68,12.3705391844471,0.0,0.0,0.631,179,33,37,False
0x850d0120c6475092c0ec94236a22c998a35b47ef,0.00492,5,12.679352869121171,17.45,100.0,0.316,421,49,51,True
0x8d935830efe1696aba1cbea910b6bc1d78216079,0.05746,68,21.90973095884676,2.0,9.13,0.488,435,57,43,True
0x60ecf5564fc9766956300ec7b961f3b38df8cfc8,0.01279,68,7.17881192558191,4.178,58.2,0.441,243,56,44,False
0x9aaad24fdc3e42e8578395ff653f5746461af68d,0.00038,68,5.186199243879623,0.0,0.0,0.01,363,1,2,False
0x86b8f348e09fba8b7fa8f387c2724d5a9ca5560d,0.00157,68,2.924428253929136,0.0,0.0,0.778,95,10,11,False
0x80c1d34243cc65f31a357128f6270c08865e5e62,0.05171,68,22.105984096553648,2.0,9.05,0.366,489,51,49,True
0x366fa507ac7307f498d867084876abd09d0866ec,6e-05,68,3.985185164481782,0.0,0.0,0.486,112,23,28,False
0xff660ce39c29c6ea4537e7c5b14d3861f83c9e5e,0.00068,1,3.134969800683864,4.4,100.0,0.103,497,23,25,False
0xc1e8378af6b6aa2386012fa40290282d53e740e5,0.0001,0,43.57077081396693,43.570770813966924,100.0,0.016,320,2,2,True
0x269f16fd1beb98c2f1d4aa4e4867a2fb5e8e146d,0.00283,68,3.424540733165297,0.0,0.0,0.013,383,2,2,False
0x5e39f6e67606c9e0c290e89c107cc121873d5a3c,0.00171,68,4.1922282574963,4.0,95.41,0.468,244,35,52,False
0x45babe8dfd2bd51fa3611961d638c363e5167964,0.00668,68,8.024154951359625,8.01,99.82,7.143,144,46,54,False
0x5d40eea672f81447a72af6f4770ce682da7d0808,0.01178,68,4.420924895793712,0.0,0.0,0.32,300,43,52,False
0xa83e5a207977014aff22508e34867b01a8293580,0.00517,68,4.230840330856647,0.0,0.0,1.364,112,26,34,False
0x0b0bdd478d90e388c5f4a9cef7c5a4c93da30762,0.01939,36,40.9799204688606,41.6,100.0,0.15,344,21,27,True
0xdfc06a9488ab8792e0038b8bba1b5c6350d8a168,0.01,68,3.888460152088939,0.0,0.0,0.505,112,24,28,False
0xa2dea8142aece195210b112f2301324adc8dca18,0.00362,0,8.684172803569348,9.342,100.0,0.224,514,49,51,False
0x02cc0a9167f7e317710c166d9538c97d2fa5e5e4,0.00101,24,3.614120588121688,3.742874548234662,100.0,0.621,130,26,28,False
0x400d7004932cbbf9cecdf4adc879f41d6d21446d,0.01334,68,31.90112888933282,0.0,0.0,0.044,430,6,10,True
0x2787e404b0c2608fc5e17279db43e311d547f063,0.00101,68,4.975204267756065,0.0,0.0,0.812,139,43,48,False
0xb7cccc5d92ee8fb7981b4a45522bf5035288f61b,0.00078,68,3.806865346342194,0.0,0.0,0.016,322,1,3,True
0xe899396e8bb79a896ef786ac0a672c7319b03e5c,0.0022,55,4.390236963605999,4.689018266363482,100.0,0.329,257,36,48,False
0x23f48caebaa302323c3d11bf53deb893351e67cf,0.26459,68,13.180050717991834,0.0,0.0,1.0,68,0,1,False
0x623f15339a5527a3934a6297dc54d5b540d25d70,0.0009,39,6.267333399031491,6.267764383296636,100.0,0.871,98,29,32,False
0x4dd64d9cb6c3909196c644321c5b4cbce4d0cef6,0.00255,68,4.108871505571425,0.51,12.41,0.398,227,34,56,False
0x7f694b6db62614c88d0762fe63305adb597030e2,0.0064,68,3.86585103769531,0.0,0.0,1.293,109,24,29,False
0xdc700fb9694c176882f00a4bd30775b546a532c3,0.0079,68,4.174582852985513,3.6,86.24,0.777,113,39,41,False
0xb8710faafbdc99f6bcb32be2527d019bab474d45,0.00126,68,5.929460820910464,0.3496860374439893,5.9,2.778,124,47,53,False
0x379ff14b4e5ce9c5f82fe130c7e5f0ad898497ba,0.04156,68,4.026737573262416,0.0,0.0,0.338,174,24,25,False
0x601729acddb9e966822a90de235d494647691f1d,0.0467,39,80.36572557648331,314.58142838758,100.0,0.036,360,4,8,True
0x5acf0ca5ff43f065f35be9c6a1d3364dd49b5b19,0.01972,19,167.56243980869758,848.8225115457843,100.0,0.023,262,1,4,True
0xca4c08042d1cc9f898599c6675e45923af385d0c,0.01556,68,4.164454054899205,0.0,0.0,0.61,159,42,47,False
0x6803d123aa157b643d7efbe96570b0f95e2b4e62,0.02113,68,1757.8562242405546,0.0,0.0,0.267,515,38,62,True
0xa0645bd28def701df72f9214f339f835469f0018,0.0,68,5.571589459796827,0.0,0.0,2.577,94,32,35,False
0x16da2dcace4609212e172e466d7d3bbc47c98dcb,0.00143,7,5.014327625518771,5.346219291615301,100.0,0.718,170,38,41,False
0x75325d182c581f4e7870b1542ecca0664af35217,0.14741,68,16.770753915386255,5.0,29.81,3.03,155,48,52,False
0x214def5ec16f0e744b82386a3c52e7bc39c081cb,0.0,21,3.3928305307506035,3.392834736512872,100.0,0.898,95,22,22,False
0xb984b6f567d76d29985404cae7593efb41011d41,0.00179,15,4.419807760163294,10.222779897930105,100.0,2.174,125,44,56,False
0xf1327d3e986bcb3848e91236425a016870ba5d72,6e-05,68,3.047444267428589,0.0,0.0,1.114,103,19,20,False
0xbc2e26ded32a96911b65ee2283a1e30f077bbc59,0.0061,0,72.89820384169123,74.90373372174354,100.0,0.826,389,50,50,False
0xcf263cf75c2b46094fcb08bd61a11426304feb6e,0.0,0,229.3571940359546,229.3571940359546,100.0,0.169,494,35,38,True
0x28802be823ac67a800e1ce212dd6dc1692249294,0.00527,68,4.921016406281332,0.0,0.0,1.0,119,25,26,False
0xe56b8925a911599f84b38bd10eb9cc2a0421e0fa,0.01479,68,15.905931559396103,0.1,0.63,0.366,418,45,55,False
0xc4a0b25d40d16d85b4efd4df024f3a6bcf5f7cd8,0.00023,1,3.5826539158057127,4.9,100.0,0.099,497,22,24,False
0xf4bee4e5109bac5daaa2d0fbfcf65d391a6f0a52,4e-05,68,3.932553377417044,3.93,99.94,0.568,98,28,26,False
0x8851bef8d6c006d357220b04eb9481bdedb238e2,0.00163,0,9.741788752655252,10.020288891863052,100.0,2.564,150,39,61,False
0xc766fc701f7eb4a0c858d173f079dc7a45124886,0.00038,36,3.239626691002361,3.239649324578782,100.0,0.686,101,24,24,False
0xd3ac6656d3f06368546f3a9baa0fa0e33f05ed94,0.00035,1,5.446191634042496,10.0,100.0,2.0,207,51,49,False
0xdbae47d529c54a154a59b9e0181eebe3d7812bef,0.00141,68,3.739007515828145,0.0,0.0,1.349,111,27,31,False
0x4b3595e2bd02f6fd3adf2f47e3f62217b15f3cd1,0.00187,68,4.690719247568524,1.0,21.32,0.604,140,36,45,False
0xe2f0e9be6c03d74f00259dc91d3e64ebd0a198c4,0.00043,68,3.2082516783221333,2.90412,90.52,0.733,118,38,39,False
0x531c89e2af2368e9834360ce587f1b3ceda2cbec,0.00107,68,3.34772240943917,0.0,0.0,1.415,109,28,30,False
0x1b014f5451ef993eb78b25a56a3bb8eb4df8682d,0.00253,68,3.7918245345484336,0.0,0.0,1.471,102,24,26,False
0x1788c62d9082312860b6d725317a73e273ab2865,0.00398,12,87.19386987842286,359.02764877891923,100.0,0.026,357,1,7,True
0x4f8f51da1f8f8f156f7a3729604b93f27a61fde1,0.0006,1,12.708452520771552,31.67877357318023,100.0,14.286,136,40,60,False
0xf0f624599cfc8d2edb7b08d4020bd14b71590273,0.00607,0,3.506931213807869,3.905081136320418,100.0,1.565,114,34,38,False
0xdf7d59a976add0cc8ef707c23fe7c21c0c760007,0.00015,68,3.263048100759377,1.5,45.97,0.015,322,2,2,True
0x5a6064e08de29636f8ef9b7d9d1d6ebbb9a40113,0.00033,6,3.317644574658994,3.317648945049105,100.0,1.611,97,29,29,False
0x9e4c5defa04ac52a3d20e5a8fe884fd1ba09c4f0,0.00012,68,5.96118386933389,0.0,0.0,2.5,98,36,39,False
0x5ee7b6d0735bdf71299b097c6b570ca3f23491b1,0.0,0,57.30548261762117,57.30548261762117,100.0,0.037,423,7,6,True
0xbb1453f112a675e7e581c31684fee71c51d3e297,0.00114,68,2.9562240323731075,0.0,0.0,0.836,123,22,24,False
0x490f1b5f718bc41449a85eae6abd86c72cf96102,0.00481,19,12.653012951048831,22.653012951048833,100.0,0.287,390,56,42,False
0x4347268ebc7e9e0f09d35972eb779f2f11a7068d,0.0156,68,5.222240435686,0.0,0.0,2.2,98,32,34,False
0x96d4b6362bfe8f610077686caa84108381e429a0,0.00117,39,7.044223407617031,7.423,100.0,1.695,97,47,53,False
0x50ae47077de7942909508faac53881fe820e6483,0.0,60,8.067468810251931,8.067478676237807,100.0,0.513,162,38,41,False
0x4625849b10e4670a94f3b722a990ed976130f7dc,2e-05,68,2.8551632396108286,0.0,0.0,1.548,99,23,25,False
0xe2631ad2e8ccfc2486935645d5f586ccb68f1753,0.00199,68,8.135200700503901,0.0,0.0,1.923,173,44,56,False
0x10a669eaf229c464f12ee0a26af18dbab442677c,0.00017,0,20.36788473541356,20.370842309602335,100.0,0.277,487,47,53,True
0x2c39c02c2faf069e9348ea7c319f3f017e721cd2,0.00687,68,6.202802441676894,0.0,0.0,5.556,146,47,53,False
0x045890c066b85e658b48b52bd3702dfea3dae824,0.00896,68,4.955612942436054,0.0,0.0,0.384,179,32,34,False
0x871efe8009404f217bb1f59d6b02282eb6fbc420,0.04519,11,73.51777171059334,77.23927601489764,100.0,0.372,508,39,61,True
0xcdbf5cc03c9f04fcdc03de487c17d802ab1c3d5a,0.00339,68,6.3657119501631,2.5922878178138755,40.72,0.11,388,19,20,False
0x3a7283652c471adfaa6822ae6794e392b1364730,0.01139,68,3.0862288414123547,0.0,0.0,0.667,150,31,33,False
0x17b85cd288ca385df32f0d3fee010cad714e55e7,0.0019,68,3.3789336903016016,0.0,0.0,1.405,110,26,33,False
0x1a67f175ffa73e12c274ba2d4add99a020ffb112,0.0003,43,4.32714616471815,5.327157912379849,100.0,0.667,123,29,37,False
0x4ad2f734c49c79d94be54f7d820b5a33e938d194,0.00126,68,3.0050730848171865,0.0,0.0,1.091,134,35,37,False
0xe07b78c09f698997ec1555e3d36e8c75e94bf258,0.0,68,3.428083190484957,0.0,0.0,0.726,163,33,36,False
0xaea82a310c6dc710f438f1d9ad43df673dae408d,0.02904,38,135.09040270809902,135.09040270809902,100.0,0.027,321,4,4,True
0xbeaed017288ee3a50de5c6ebc9b67a857f577949,0.00171,68,3.1550796542552373,0.0,0.0,1.14,119,27,30,False
0xcc8e3fe8da6bba414b6cf46692ab028fc2f7e563,0.00012,68,4.396270722755296,0.0,0.0,1.077,133,32,38,False
0x03ec1e3c13fb6b2b81e600842f22c52389d2e3d5,0.00106,68,2.941236788283069,0.954,32.44,0.472,131,25,26,False
0xd5d60a20042489a4c2ecb75f1c054422f7ddf9c2,0.00164,68,3.4015566141736664,0.0,0.0,1.613,99,23,27,False
0x8527fb73a2020aab707340c820ff4c7fee0c2f88,0.00154,0,34.24673396421319,35.0,100.0,0.435,322,48,52,True
0xf98f913b70d7d45edc32d6f9dd3c0b2e7a36e9a3,0.00096,68,9.239029769315056,8.360893085305982,90.5,25.0,135,50,50,False
0x9e14a323611562069b92522d4b57757883c191ff,0.0,68,4.749470940935397,0.0,0.0,0.137,316,18,16,True
0xa13385107fe845d4c39a139b772d6960bd737cc5,0.00302,68,2.9467968461641902,0.0,0.0,1.6,98,23,25,False
0xd787e6d7ec9208ab0bd22527866121c227ba87b4,0.00617,68,3.5393178745867906,0.0,0.0,0.581,118,31,37,False
0x9d148cff3d3cc84e0c366663cbaf818978247675,0.00154,68,5.62910832394481,0.0,0.0,0.847,127,49,51,False
0x340f72b122ae5c6f4e89e8f72ce59443b17c2f53,1e-05,15,4.793080870711259,5.06328790683128,100.0,1.397,121,42,53,False
0x8c8e9120dd84347316d640034314474b0cf36d9c,0.00753,68,3.0610429410354434,0.0,0.0,0.579,129,30,36,False
0x7c6f8ba71621d69716d3d6e30a3e349e2a7a8d9e,0.22832,68,3.177666274606576,0.0,0.0,0.035,322,4,5,True
0xeef6c37c1e9cb5b7991b0c1bd178eacea8c04335,0.00053,35,6.434061931680933,8.0,100.0,1.587,290,51,49,False
0xf3fefb661a19dc87e7e6a6b012efaff12fbe1e41,0.00314,15,142.13797097374072,166.580032,100.0,0.714,517,37,63,True
0x881d79fb3442e52ae955580cec2fbf8cb4481efa,0.01658,68,3.030308874465728,0.0,0.0,0.024,321,3,3,True
0x08710502b61c4ff77839b9701aa6efa788e7f6db,0.00043,68,3.6130330751104034,0.0,0.0,1.818,101,28,32,False
0x45d1e217bcd78a4fc784907efa5868c69f193e39,0.00035,0,96.26884608331724,96.26884608331724,100.0,4.0,357,49,51,False
0xd2169f817b936fa0c4023eb97b190d1495d342b8,0.0015,68,2.886586607438225,0.0,0.0,0.595,199,40,38,False
0xe81608c183a245c9847174a2fe3ae22bac5b4c33,0.00069,68,5.178811656123557,0.0,0.0,3.226,123,45,55,False
0xf973f23374f990346cbbe2a06375ce119cf1f706,0.02632,68,4.045581572792665,0.0,0.0,5.0,248,50,50,False
0x367ca4480d7e069e3e357cf93a745982982fdf46,0.0032,68,190.57720514294024,66.0,34.63,0.279,426,50,50,True
0x32d1b6ffde83dd73c040a50ba907655c4788400a,0.0,68,3.35824718475731,0.0,0.0,1.333,104,23,25,False
0xe23430b4410cce3099c8cfa744c34cd8041e8ba8,0.00019,68,6.094311788447398,0.0,0.0,0.755,103,36,35,False
0x229fd4fc7ca05e61d626ea0d8fe2622ab01fcf6f,0.01906,68,75.00615324791387,0.0,0.0,0.024,321,1,5,True
0x3d29edf307bbc7828b01ec6bfc2675a6fa7193b6,0.00278,68,3.5429229353377694,0.0,0.0,0.016,321,1,3,True
0x0bd27fac898a59680b9dc92bb7378df610825e8d,0.66757,0,254.33526011560696,709.0,100.0,0.602,487,54,46,True
0x6f74d678f1f70b88f19e458fd3f5f29a83cdbf4e,0.057,3,15.978754451309973,15.978754451309973,100.0,0.039,321,7,5,True
0x1cf3b4b3906748dc15fb1ef5cc7a3adebd0e2115,0.00115,45,16.17606616697618,24.391108189214627,100.0,20.0,212,48,52,False
0x8f3f7f7698d9977f8d08102f0e800a2c414115fc,0.01441,68,16.161167824368228,2.7276867350837297,16.88,5.556,216,41,59,False
0xd47db9ca7aa3b49090671a6c809944a3e36a6b54,0.00029,68,3.1606250423710347,3.16,99.98,0.535,168,26,28,False
0x58adab7ba988db904aedd35830f3b2b4fd0f06cf,0.04575,68,6.267787161302316,0.0,0.0,0.012,321,1,2,True
0xef29d88e6a77f9b65c78352b210c618b0c725bec,0.00292,68,3.775695438358909,1.0,26.49,0.864,126,25,26,False
0xf1dc615d9bdce012bdf4c6249e487aa2c60bd272,0.00074,37,3.2838014537530555,3.284531772709058,100.0,0.677,96,22,22,False
0x6cf77b3e177accfe70b0a16b201aeec89e0dbf00,0.00309,68,5.260238706620056,2.460283965343026,46.77,0.264,296,37,39,False
0x4d0b8e10d030b5c984a475191f6695c21ed5156b,0.00263,0,7.298703366788742,7.398703366788742,100.0,0.14,478,26,40,True
0x05b116d8a35326cff3529ea1a23806323c5510a7,0.00326,39,5.017039076279237,13.0,100.0,0.561,124,30,34,False
0x79c19906ffcd300d421532fc7a586dc09e499f71,0.00203,2,3.104848938971253,3.3,100.0,1.514,100,27,26,False
0xc9510fe4ea7a3d9abbac1f3806ca35ef85c7a6c8,0.00198,0,6.09338673580576,6.093386735805761,100.0,0.036,401,6,6,False
0x811ddc79c4db8c4daf3a0b2958be674e020feb69,0.00104,68,3.848504400265663,0.0,0.0,1.568,105,26,32,False
0xe709d7cbadc56c331db86a952c7c3e1ca4897de3,9e-05,0,21.684202917798817,21.684,100.0,16.667,206,47,53,False
0xd6990765dd813b61729391ad13686ec68937eeea,0.01304,68,26.61699400745562,25.0,93.92,0.081,476,18,19,True
0xc58550d4e678dec64d018f697b57c6d6b0897926,0.00024,68,8.554878544853654,0.0,0.0,0.061,494,14,15,True
0xb120999ac0ebaf972d6f137034d7a2e682108fba,0.00083,68,2.9936233711783924,0.0,0.0,1.465,111,30,33,False
0xce558aa697e6e2d25a99d6a3cd53c029155c2d04,0.00159,68,5.317289660546929,0.0,0.0,1.545,101,23,28,False
0xc6a51530c0801e69d5e2d3a84da0ddeafc03851c,0.01935,68,2.3556106814718496,0.0,0.0,0.098,160,3,6,True
0xb7d9945166e3da89ee4c0947230753d656d116a5,2.47611,68,4.236914048918278,0.0,0.0,0.042,447,7,9,True
0xd07ab85ac96651bfffa8853ce737e3a87dd5bd56,1e-05,4,9.931601982695415,63.56617010869542,100.0,8.333,195,50,50,False
0xdce29c7f6611ba8d730c09438a591ec7764f669d,0.01149,7,3.434095765518149,6.277417714017166,100.0,0.824,113,42,42,False
0x96a3ffd7ea4bdcbd706c55027d97eb5c53a0f28c,0.00975,34,212.73244550101813,1261.4335864819554,100.0,0.026,228,1,4,True
0x850caea9a14f36cda2e8cecefefaf5a97e7e7b09,0.012,68,3.5680696538742525,0.01,0.28,1.486,95,26,29,False
0x8c69f8d2f360d0bd12cb73b92e90a380e32987bb,0.00406,68,73.72037771094513,10.0,13.56,0.251,499,54,46,True
0x5d4675b3e78fe0d8f61f92d54b2a8e05a39d5185,0.0022,36,2.962665591891036,4.712,100.0,0.639,115,28,25,False
0x4bb24ce37ab8a1d87448788c1794f1a3513efc9b,0.09379,48,240.32486772764884,1017.1922298080898,100.0,0.036,491,5,12,True
0xea1ca9c2b8ad43427b95c691648ea23155ae4eec,0.00399,1,6.209013871804836,42.857339651998565,100.0,0.186,316,29,20,False
0xb319e3bd2e8394e62e96c612c6741612f9ce2aaa,0.04242,68,3.761511905347149,0.0,0.0,0.053,314,5,8,False
0x4736a6de79fb78094ea1aa1c1886310ea0963edd,0.0002,68,86.84923007653188,0.0,0.0,0.016,320,0,4,True
0x2d9352ef300faa9376ebcb400c54945aadcc3f5b,0.00982,68,4.069676020980759,0.0,0.0,1.846,94,23,25,False
0x6c6d2cb51f0384e6f1df13159cbe2ecef5a4f1d5,0.0586,68,4.829613205602302,0.0,0.0,0.016,321,1,3,True
0x091a176b06499e13030e5781f37897f755c04ef0,0.00171,68,5.26329883139184,4.4,83.6,0.5,98,21,23,False
0xdedd2899c6ff5cafa755d8bc467f221e9834b7be,0.00663,0,27.419775719706475,27.419775719706475,100.0,7.692,208,42,58,False
0x81c55ceca5d837d28632fcde855f4ff12b8230ca,0.00017,68,34.161111492807784,0.0,0.0,0.047,321,6,6,True
0x9b39ddd9902c3a1a1a22ede02b2e6e4c395dcc14,0.00473,68,4.196381898692046,0.0,0.0,0.012,309,1,2,True
0xdd1d24212a8f69a78b909551f612010c949a68f1,0.00369,68,4.573601123752109,0.0,0.0,0.68,127,34,49,False
0x1411bbb9222a1b94e4bc23e1270faa8a4aea034d,0.04971,68,11.556986340684716,0.0,0.0,0.658,480,25,75,False
0x9b4c12f42a0d014a414234c47a6cccf6e3549bab,0.00158,68,7.157347259820298,0.0022,0.03,2.0,116,43,57,False
0xe652e252c2c2e3360db603a125a6c57a2d1bb981,0.00703,5,5.573091208265574,5.6928146703708284,100.0,0.529,150,34,38,False
0xdbb643740ce08ad124dd5ca747845fe798f12624,0.09243,68,4.95340366742462,0.0,0.0,0.155,322,20,24,True
0x8b0c79c086009806a35fd1c6a4a925a0cfda6a0b,0.00026,68,8.92913119632199,5.01,56.11,2.326,174,44,56,False
0xf2e36b1f99e034306270f86e1a63e7ba64713e6c,0.0021,61,14.42919998218669,29.0,100.0,0.359,237,44,39,False
0x2549771fbf0b1cebdf1c8e377bbad744e0785c05,0.048,68,77.86261719730182,0.0,0.0,0.027,218,0,4,True
0xf6fb4323857f8f8db50c9e98db8c076786e2f051,0.00398,68,3.945934051850697,0.0,0.0,0.759,96,28,32,False
0x84a547d1a2523d5095cc876768017253a5afa599,0.00086,68,3.172515788003433,0.0,0.0,1.154,106,36,39,False
0xfe7c8b408fb0ecf3d678309c9dc3cf9b65819b41,0.00241,0,6.305629141594004,10.845217,100.0,2.273,141,47,53,False
0xb682326f04b42c652ed730b738d52f5d4d2dc342,0.00214,68,3.249758580275361,2.249780097987177,69.23,0.531,113,29,31,False
0xca4e189f86b14cf687d8dce07ff8d6513d7c308e,0.00028,68,6.199681185177502,0.0,0.0,5.263,158,49,51,False
0x386217dc3263eee1ed470a2ac7a5b154141a24b4,0.00212,54,7.846635273962621,10.226635273962621,100.0,0.654,95,27,26,False
0x2c625eb40187569f76505e57068b01a3034d7172,0.00279,68,4.624278141716824,0.0,0.0,0.683,132,39,45,False
0x387bb7ce8515f3f54f1c37cbde239ef178eff981,0.10011,0,4.064337919505932,4.064699999946908,100.0,0.053,322,8,9,True
0x959acd60edd1c7eea9bd2837f90912e59b5afe35,0.0001,18,157.67940592294718,157.67940592294718,100.0,0.111,68,1,1,False
0xa6baf8b3a7ac6c9e79cb3d107945ab22a382c7c5,0.00506,17,9.095108928022992,9.095108928022993,100.0,0.099,383,15,18,False
0x16c44392dfbcdc15d6dd3dc34c2e3b9f5d692dc4,0.0283,68,3.708982899332512,0.0,0.0,1.347,117,31,35,False
0x116df9e42c8c51c4a0a3fc26fb2b8db8669c3315,0.0007,2,3.570833767999179,5.0,100.0,0.646,139,35,38,False
0x72db50faac011778bb69822d0ea54883278a9b84,0.00489,16,9.4379029736676,11.560222430986094,100.0,0.112,382,18,19,False
0x8d5c2f985436ab86a7c7c2a12eb5ad01a8664d1e,0.00116,0,5.44099741571917,5.44099741571917,100.0,4.167,161,44,56,False
0x9369534a0883ac9f4ff2c5f799a8d33836094c78,0.00063,50,3.2562401177459432,1413.8883,100.0,0.59,96,22,24,False
0xca68e56eb4be14c51bf4dab8693b463444f77444,6e-05,68,3.402828409500384,0.0,0.0,0.962,147,38,38,False
0xbca5a81c93d10b5c639498b80a4dcc07e6e3df5e,0.00297,17,7.956879959531409,7.956879959531408,100.0,0.114,383,17,21,False
0x089ffdde1f37b0f377b29be06f4dc9f8c75d75d6,0.00402,3,30.07266332411669,30.464605997176935,100.0,0.334,459,33,67,True
0xfca3660ec168a9a0e90eeeb0e2e42de69dddbd9a,0.0073,6,11.154132076818012,13.695645,100.0,0.87,236,50,50,False
0x690edd419bd643abde527adb63c9bb8e967a266b,1e-05,2,8.387907605330035,16.629457605330035,100.0,12.5,101,46,54,False
0xa9cefffc184cfe4fa75ca137721bd9d4863855d1,0.01572,68,4.485984798893408,0.0,0.0,0.073,522,16,22,True
0xf17e6b621861990f096b60172b3d700fa9ccec85,0.09252,68,31.513397726346543,0.0,0.0,0.194,327,21,34,True
0x7c41865f33dab5ea2cf436b5db167aa5a3bba4ab,0.01025,68,256.5664922426159,0.0,0.0,0.08,495,14,20,True
0x7e84a1286a6257581ba1702eef76a38cd01354ca,0.00904,68,4.494562976224062,0.0,0.0,0.831,98,23,26,False
0xb20409312c845597f8f8fe017003d62f3b688f28,0.00937,68,3.919536452788005,0.0,0.0,0.379,199,24,31,False
0x6fb8f81124dd717a4e2b376b203f416d4adf3584,0.00097,0,44.00451544354412,44.00451544354412,100.0,0.431,519,42,58,True
0x112dd0b738ace04ddfb509ac60a84d325809a317,0.00894,68,7.472691190324009,0.001,0.01,0.22,435,43,51,False
0x4a6b9b7813b1d5af4963cf24bf037d9b5281918a,0.00044,51,3.366282076405483,998.376682,100.0,0.49,98,23,24,False
0x4ab78a50b8f9f4902156a22b83b6155313cb9782,0.00238,0,3.8388560258346,3.8634162986628398,100.0,1.477,113,29,36,False
0xc12a2dfee2859424e9318afdbf1dfbdf043ed32a,0.06895,68,87.19386987842286,0.0,0.0,0.016,321,0,4,True
0xdc7b168948e8410fa62e6c6e678b9666654d6695,0.01078,68,7.663594501825486,0.0,0.0,0.024,359,2,5,True
0xafdaf2f41a6fc5b7134ae03da8ee4148ad4a3cce,0.00939,68,6.155087810779872,0.0,0.0,1.613,155,44,56,False
0x493122d3a5485fd14fb6b24aa58da9698873f58d,0.03916,68,71.06582320302819,8.75455764574291,12.32,0.368,477,44,56,True
0x0f6524ebc56c0cbc2f4d09c14e2a6dd1f58ae969,0.00108,68,4.434522793058945,0.01,0.23,0.605,210,45,50,False
0x3a1b3337d8c876735de68eb33f33e87b3f69eb29,0.00978,68,4.989564009282649,4.0,80.17,20.0,136,46,54,False
0x2955749499c9e671d66c72c67384b44020f88677,0.00065,68,2.9957620400877283,1.0,33.38,0.723,134,33,35,False
0xc9a7d077cb62b563af5647d48c9a72fd3651d67a,0.00121,68,3.25745010916647,2.2887846075655096,70.26,0.867,146,36,42,False
0x427eb6bdfaa41a1fc0aa12158a6950e2b6831658,0.0045,68,3.913603277956877,0.16,4.09,0.793,119,46,42,False
0x638a9d22f29b9c3582d1703eb26ac1ae2af20e2b,0.00019,68,4.724181561819775,0.0,0.0,1.125,132,33,39,False
0xd7f4a04c736cc1c5857231417e6cb8da9cadbec7,0.01212,68,6.607573088660776,6.6,99.89,0.427,321,44,56,True
0x3fc25fb2fbd5b1ae1c9528fe5be8c7ef91fcd95b,0.0753,68,21.271704419707035,0.0,0.0,1.0,68,0,1,False
0x56628f15afe79ebcbbb23eba71cb742b7a1f4acf,0.00145,0,4.434407031486848,4.434407031486848,100.0,0.119,320,13,17,False
0x6aeca5721167f9a685ac3881e21aa40b60c205fe,0.04975,68,4.93147569044492,0.0,0.0,1.522,91,14,21,False
0x4209e44f8739160c0ed5ba3fd713c7233079c9bc,0.04749,68,3.6548858561731055,0.0,0.0,0.22,159,12,8,False
0x4daef97203fa6654f6338872da5bd1ea2e879533,0.00612,68,25.15649494527324,0.0,0.0,0.088,363,12,14,True
0x30019343c3cdd229050a11848a3f6896fd45d828,0.00209,0,3.0273494877650564,3.05,100.0,0.447,137,27,32,False
0x7ece02800cad789fdc2553fad88aa1030cc4df76,0.00184,68,3.1919414497092906,1.0,31.33,0.47,120,25,30,False
0x986176df2e9dc6225dfb498d1869aba04893dce1,0.0,68,3.005996635967943,0.0,0.0,0.02,321,2,3,True
0x61705ab3e4f1948216f1127cf5209f60006aab5d,0.20238,14,23.32385711406573,29.798397095470854,100.0,20.0,168,44,56,False
0x44db4fb6a981f0c752599c609c329765d57d055c,0.00093,68,3.652758910250112,0.0,0.0,0.232,262,21,24,False
0x048ae8035045069f8526d393d6da1ca9347c254e,0.00397,68,5.805233973122347,0.0,0.0,0.192,433,36,34,False
0x622f0ed1024fb612ccadfe04cf01d6622e609149,0.00015,53,5.058180763851972,5.058180763851972,100.0,0.056,321,7,10,False
0x610db2bedfdb76cda7e2e80e9d3b7824659a3765,0.0048,14,16.475358360980916,22.52,100.0,1.852,306,49,51,False
0x56f4aca18a72a13cfeaa1cbe3968a444af036234,0.00824,68,3.2154040627258027,0.0,0.0,0.325,229,32,37,False
0x7d357f4f114d3e912bbba93fcf4e858450f575de,0.00723,68,2.9916587141690667,0.0,0.0,0.626,138,36,41,False
0xd96e11fcd06ae6598d768e0cfdab9774c62dbeee,0.01838,53,4.172703102464601,10.8455471591916,100.0,0.672,152,46,46,False
0xdfd862f30a89d658a4ddda437ba9ef91e83eed8f,0.00227,68,13.764400718157564,0.0,0.0,0.185,317,23,23,False
0x5754d57ac28a1454fc84ae8cbc20f5c2d4c19e83,0.05951,6,122.45734396512948,643.1073840551295,100.0,0.203,519,46,54,True
0xa930f4a3e93be0f7a669b1a4108b7aaee4defde0,0.00153,12,7.658590523137655,10.0,100.0,0.504,170,28,32,False
0x0a46809002a636c8a98927f4e473255565122b96,4e-05,0,2.864384203948461,2.986654246010867,100.0,0.592,131,29,32,False
0xca248afbcc09e474ecfbee249ba89f90db32cb5a,0.001,68,60.58331044264037,0.1,0.17,0.649,360,49,51,False
0xdd9a5ca4710fe4b08672fabc2d5774e0926a4afb,0.00029,37,128.75929376955767,170.01,100.0,0.408,518,51,49,True
0x888851b0cb904acd5942d545c0a471b1e1b73e6c,0.00075,68,4.083395806874932,0.0,0.0,0.757,138,25,28,False
0x992e56ef93ad82314ccf95fb0f3f536a46fd5538,0.00195,32,4.482234402194488,4.482234402194488,100.0,1.064,164,45,55,False
0x6cf8eb156937e8c9db7599a9f020b9bd6d44b684,0.00658,68,3.0463740149246283,0.0,0.0,0.948,126,26,29,False
0x3417f30649c3a0a63f7d4631589b2a8a03348ddf,0.02234,68,6.490243368823627,0.0,0.0,2.083,137,47,53,False
0xfcd80b58afb8e684e0bfe60be3a3f170a08770f1,0.00077,68,9.105131197700567,9.1,99.94,4.545,180,50,50,False
0x239f79136dc189021fe9e8f58b25723ffd99fc7e,0.02534,68,11.663549192118436,0.1,0.86,10.0,157,47,53,False
0x9c3755f0abe10e4b0130a1d7677a389fc71c224d,0.00109,68,3.140825027285145,0.0,0.0,1.236,123,32,36,False
0xef54110c76f0b716d123645fcadcbe8fd1fad0a7,0.03013,68,8.4697953248476,0.0,0.0,8.333,209,50,50,False
0x843b16b55a66adbbd7c23572e3bb83640000dc8d,0.00017,68,2.8213637488168146,0.0,0.0,0.024,365,3,4,True
0x924913b6fb8280298b493d4df7a60de50980f032,0.02722,68,4.643253441935501,0.0,0.0,0.726,163,36,49,False
0xc89ef6ecee7b63c73497315d536be658078244ae,0.00243,68,9.904850627778496,0.0,0.0,1.724,208,55,45,False
0xd2dc261873897aaf3d34c4b7980e0a3f6118b49a,0.00765,0,12.811900876375068,18.0,100.0,1.176,263,51,49,False
0xbb4809d5b306d3c49f20064075a6b41843de7d6b,0.00188,19,18.36546414695315,110.73013778006292,100.0,0.246,516,48,52,True
0x1d921f6fe3cc86732bd8a02f751562ac88070cc2,0.00183,68,4.363018206580205,0.0,0.0,1.472,104,24,29,False
0xe38bc03d4b8e6b5cae84c16896c71d01a4c92ed0,4e-05,2,3.0069116289526856,3.0069116289526856,100.0,0.921,128,28,30,False
0xe2ebde0a488571cdefe97c4daefa6a3a3f5908d3,0.00038,59,28.61707838445716,97.5,100.0,0.495,321,45,55,True
0xd147a7a328047243b6ff9888c2d9f938dd339cb1,0.00078,68,2.919850184657694,0.0,0.0,1.517,97,21,23,False
0x453d332bc6d64102be6272913ce2c3d93a6563b6,0.00082,68,4.101252251676246,0.0,0.0,1.812,100,26,32,False
0x62abf60e92d1d48669690896d9154c67e2078a38,8e-05,68,3.1161524085518124,0.0,0.0,0.108,321,15,16,True
0xa2301a51eefeb30aab731773c00d0ee5b857d947,0.00091,46,3.0273136224350328,3.0273136224350328,100.0,0.009,366,1,2,False
0xb9afc24c66d04f773c97d733e4c058a0784fd88a,0.00626,68,18.611786630136987,0.0,0.0,0.016,321,2,2,True
0xb709e10fe0b492d0ca6ad6889aa5e0dd00b4f697,0.14111,41,23.263662972481843,23.696091,100.0,0.148,317,20,23,True
0x693ad6395042cc2f04903c00f096129910f36d9e,7e-05,68,5.106521914077187,5.0,97.91,0.372,139,14,15,False
0x18ed423801a27d511fa57d98096fb4873296d90b,0.031,68,6.0066629148153226,0.0,0.0,0.426,328,46,54,False
0x04e2178eaa11438283d9adf9da434e7d6529794d,0.05259,0,10.173947922165311,10.631282058679613,100.0,0.165,483,20,51,True
0xc8423bb7593632aa41dea8d69af83fc520bf7eb0,0.00929,68,87.19386987842286,0.0,0.0,0.017,357,0,5,
0x340f72b122ae5c6f4e89e8f72ce59443b17c2f53,1e-05,15,4.793080870711259,5.06328790683128,100.0,1.397,121,42,53,False
0xc067206b7525fe7ed3bf923cbed554a53558019b,0.10419,67,249.18930957006208,0.0,0.0,0.016,321,0,4,True
0x569b4fb43935e270aaa95892aeb37b77955bb92d,7e-05,0,5.278751400004157,5.278751400004157,100.0,0.026,334,3,4,False
0xc16b1875dd805eb939883d48f8c5076b007540ff,0.0,0,2.953801882440193,2.9538018824401933,100.0,0.386,182,20,24,False
0x3ae6e52734ff55fcfc2073077d63c99dc4b93065,0.0161,67,3.92369193934468,0.0,0.0,0.091,343,9,16,False
0xa543fb9176ad22fb25e9fa5e09b1d6154431744f,0.00564,17,8.73980448501676,8.73980448501676,100.0,0.107,370,17,17,False
0x8f4bb02bff73cbf48924dd578fbaef7cd4e22796,0.00042,67,5.949989183953513,0.0,0.0,0.448,263,37,50,False
0x7e5404213c8f3d48b94e03c0c58b430236db9a04,0.0205,67,12.31558190816089,0.0,0.0,0.595,397,40,60,True
0xd1fc42b856726cf20acdc9ae85640f57f4e3f133,0.00395,67,5.917663348846188,0.1,1.69,2.75,95,44,55,False
0x72721d3f3554519b6ac6aa676b3905964caccd86,0.06097,67,10.549820347354002,0.0,0.0,0.028,322,3,4,True
0xa359a7b19f6a0a8490931f78763ed5554047c494,0.00068,0,6.863522329358203,11.863522329358204,100.0,0.3,287,28,42,False
0xd9ef9aafcfe77edba15dc99fa3ebfad4819a4e35,0.00912,29,8.423556719713678,8.423575809799525,100.0,1.923,265,48,52,False
0xb3469eb11d43a3d8fee4981048fc04d9365d3d6a,0.0,67,5.296857702126514,0.0,0.0,0.027,364,4,4,False
0x0761258c5796fd1e4571c8890f492f0008d131a8,0.0,0,35.72563419978004,35.72563419978004,100.0,0.174,402,35,23,True
0xceb120f1325eb841b4ee72c940f38ad4c8590379,0.00296,0,50.28674623096148,50.28674623096148,100.0,0.116,355,21,17,True
0xf2829fc923b6fd040ead55d3f973f2953e86d13e,0.5072,0,405.68064546345926,405.68064546345926,100.0,0.649,510,34,66,True
0x03c710568c7a186d930d57dbf00d1197cbf76735,0.01659,67,7.41762894459514,0.0,0.0,2.071,96,26,32,False
0x8e2f71a4dbb5ee8eb737236f20058997e476703b,0.01038,67,20.32931404231236,20.0,98.38,0.377,433,46,54,True
0x3347e59483d4f8f5599fa704cf42c8ed1a5e11ff,0.09465,67,187.3634501045012,0.0,0.0,0.037,497,6,10,True
0xabdd90885d577d356d6924cad681245030314a8c,0.00272,55,3.8821888209944815,118.38117570333652,100.0,0.636,140,34,55,False
0x5e0679b7b4c32bffcde69b5fefea89e77564ffe1,0.00695,67,15.440292076956217,0.0,0.0,0.448,490,26,74,True
0xf05f5d4ad1b3fd5ad57ba5ca386d0db2e8b317aa,0.66867,67,6.989216176841019,0.0,0.0,0.33,320,36,64,False
0x9a914258bc9b281ed1b0c5772529a3ef26247bfe,0.00425,67,5.215826880116037,0.0,0.0,0.168,493,40,41,True
0xd26a2bd8a59ea00bd836142cc6be9717361a3b51,0.00302,26,12.633958338139848,12.633958338139848,100.0,0.15,428,28,30,True
0xcc5f3fc07e0d9201f2d86b23c29f7793966f8290,0.0216,61,17.774775240751836,17.8,100.0,0.585,375,45,55,False
0x7df220262a4c9ca1fa9b7224bc6f7f4572a892cc,0.00659,27,52.957307246157015,73.35,100.0,0.301,516,52,48,True
0x06e1daceb62ab15faa87f49e4dac52533285e7a1,0.00607,67,7.002030892611417,0.0,0.0,0.549,210,38,40,False
0xe68176a9d8a4323ea3fab649b30e00d0a6a87d15,0.0011,9,4.525897991042135,21.0,100.0,0.11,321,15,14,True
0x08356dbe40e2d01776d878c8ff81460726c61086,0.0444,67,4.850503747759642,0.0,0.0,0.279,319,36,39,True
0xab5309888c39646bb222a70e0bc1c69e3326ee77,0.00592,67,2591.7171043113217,1.4159273283969411,0.05,0.216,325,40,31,True
0xbca35347207aef8024dcf1e518dd75543523467e,0.02852,67,11.352787067868364,0.0,0.0,1.449,268,40,60,False
0x8b58fc524044795ff50e11c940dbbca2d32b31bd,0.19994,67,11.242765049060615,0.0,0.0,2.174,172,49,51,False
0x7d5547758854dd2199902c5fd430f43e4401b7fe,0.00576,27,4.122870420762017,5.0,100.0,0.29,272,32,35,False
0xc76fdaaf2a5a07c55f4296f63befd65309d288eb,0.01005,67,4.422792373808779,0.0,0.0,0.335,184,25,30,False
0x632c946653f31fcfe6db27c8dd6b60dd94a21050,0.01619,13,6.796305383562944,35.17257212401654,100.0,2.857,127,38,62,False
0xb12e3bf73b4c9be630c0e8a83d952386d3247c17,1e-05,67,44.21151744358408,0.0,0.0,0.021,357,2,4,True
0xd062ab63bb4f7af7e59b85defc3c90bfa9b81e6e,0.56278,0,838.0811462647753,3369.90571411484,100.0,0.68,517,37,63,True
0x89b372d9ba1b5417f3b35d451b53613aeaa3beea,0.00034,5,27.31713681913953,35.0,100.0,0.704,322,43,57,True
0xa313b9234fd1aa02cb4f6696750a5b4d40f06c62,0.00013,67,4.00494022517053,3.9,97.38,0.766,108,29,30,False
0xd00e612ffb02b2276701c0e097c2febf5f45a4ef,0.01042,0,7.514894553162393,9.241553503838318,100.0,0.413,361,41,59,False
0xc20b9051b997bb16155b14f999e1484ea884a0a8,0.00018,19,7.435652905637633,7.59722293038384,100.0,0.692,130,42,48,False
0xa329a0dd095a9cf76a2e7dc958fda8e030f0dde3,7e-05,3,2.977725834983191,9.434905229512411,100.0,0.039,269,3,5,False
0xd188af1dec6e2667e8a7c3d2e013ac76011bd3eb,0.0,67,5.633150828728383,0.0,0.0,1.846,94,21,27,False
0x66b1e927c3d35cbf4de05a29dcd76ae4d8947081,0.24965,14,124.0611040240739,124.0611040240739,100.0,0.068,348,8,13,True
0x2222a29eb8a8ffb0c16d28400455129052191257,0.0,12,254.33526011560696,254.33526011560696,100.0,100.0,395,49,51,True
0x11507b3b4b70e0818c66490de5f9f6d927ab48a2,0.00029,67,11.209432869656066,0.01,0.09,2.857,133,49,51,False
0x5847a79cbe4c8ecf1ed6c5efa63b4c98ac415af5,0.00271,0,9.91465687820307,10.0,100.0,5.0,180,48,52,False
0xec3156a498d3c7174f3f37d5527df3fcc2f328df,0.00659,67,5.077178012097386,0.0,0.0,0.041,263,1,7,False
0x50bbf827267c4e920b512f8aa6c1c9d1a465a128,0.01128,6,8.36445071051669,29.571623031695108,100.0,1.923,191,33,67,False
0x7f24359b4fb4a7fcacf1492d728052b3889efcb0,0.01093,67,26.00412639754543,0.0,0.0,0.488,379,45,55,False
0x02c9150302e2365297a463ab1ae2b63f75abd782,0.40613,67,418.7652884787039,410.0,97.91,0.543,490,46,54,True
0xff19d03ca0d61bbd5f46eea79130947e4b6e0111,0.00361,67,3.608415831521088,0.0,0.0,0.452,245,40,40,False
0x8c0e2a582edc2f60989ef1c9f4ede477a8d383d3,0.0,67,6.152190390246742,0.0,0.0,0.02,363,2,4,True
0x70a7ebc6e08f17281470f6dcdaa448af561e33a7,0.00478,67,18.84793998002741,0.0,0.0,0.143,490,30,31,True
0x8c84e3fbd26082929a1e43f5f48a6fac47a898a0,0.00172,67,8.510363384735317,0.0,0.0,1.111,232,39,61,False
0xcfacf283739b561966677ce86d488f7418ae0fee,0.00629,13,13.97995846530803,14.42180001203596,100.0,0.342,317,43,57,False
0x21b2f993929ee1de636c6e0f2c32c23aeec594ff,0.03063,67,17.317788603175327,140.0,100.0,0.143,181,13,13,False
0x7fbbbba1106d17247b1b2b3b76d91b0947f75e08,0.00025,67,18.575169385892465,0.0,0.0,0.389,513,49,51,True
0xb129c3c627b5168916a197c752db9912fdb5ad85,0.00548,67,16.88913444949702,13.5,79.93,7.692,156,49,51,False
0x5d787c33a3c7293e563d0586d06e84e83ea69e05,0.52634,67,27.41393565358041,0.0,0.0,0.37,521,37,63,True
0x0f6cb3b4e3201688ee03fa4cd69c4ab985629651,0.00361,67,2.9337281973222704,0.0005718051610298,0.02,0.243,188,20,24,False
0x31657318f7091b4e20cccc0a2b833e4f8e864960,0.00559,67,2.8897160961318846,0.0,0.0,0.356,209,33,39,False
0x34ae1ede6b3a5b05589b8fc5bbc453cb4c6f3aeb,0.02701,6,4.624073512072719,4.624073512072719,100.0,0.465,167,34,33,False
0x352e57f94048beeaf8cf3055a814b4dcb5c636dd,0.0,67,3.926688976251157,0.0,0.0,1.188,132,34,42,False
0xf6c2248d8454d61ac38519fce6ca3a4370af3ebe,0.0,0,69.86266463415774,81.73002671459872,100.0,0.047,512,7,14,True
0x3dc75d5e1693a3c27ba9a54a7de67d34c6694f8c,0.05202,0,5.842662592020832,6.239316698893261,100.0,0.251,321,34,45,True
0x91135ea81ad9b7e7d03559ef9bbad74973d255d8,0.0067,67,3.887306936490263,0.0976134820041981,2.51,0.317,372,45,55,False
0x95f50cf888dfec90321dc376c1e695f15b081595,0.01048,2,497.6246166649424,500.0,100.0,0.909,427,49,51,True
0x92df2a5104fce10d77496710488382eb53def917,0.00318,67,16.574029519073918,0.0,0.0,0.285,521,41,59,True
0x0025500c6a6bcaebde159db6a307f4d38503a079,0.10803,67,262.4352031672567,0.0,0.0,33.333,394,50,50,True
0x33203e0634a9167d75c268dd2dcc28704ec08137,0.00346,42,12.861118073218586,24.0,100.0,0.87,322,49,51,False
0x18be3712aa6c65b130835a5f1468d0ea69ce15ea,0.04214,67,3.176382645413232,0.0,0.0,0.071,363,11,10,False
0x201d3bfee12f74dff2084fe2be32b4e773fc9418,0.00426,67,3.6809684476504745,0.0,0.0,0.516,127,22,26,False
0x3053376df52a4fbc4c66fa28379252b86a47c638,6e-05,67,61.75479741053012,0.0,0.0,0.694,290,49,51,True
0xb8f944fc36afba6af8d2fd7443f59108e0364ee8,0.00397,67,6.997230950774244,0.0,0.0,0.038,358,5,6,False
0xad936892190a78a2d814725db14fa5b32f6b8498,9e-05,67,2.8225119477996,0.0,0.0,0.363,223,28,34,True
0xeff086c66223a846b9038bdf5cbfcee421a89c83,0.0342,67,16.07819650424878,0.0,0.0,0.071,469,14,17,False
0xdaebe948c0604a19b9925db4de6bd423fc4fd2d8,0.0091,25,30.33879753183357,31.724135112823664,100.0,1.176,291,45,55,False
0xe1e934e30142429dd61a28b10f24da8b8133f745,0.00538,0,3.272151636219711,3.2721516362197107,100.0,0.153,192,9,10,False
0x5a4d7a5c94f4771dd3e356d6a52702371a80eb58,0.01549,67,4.905987924278937,0.0,0.0,0.736,98,33,34,False
0x8646e2c948d41eff676b9941e3fdea22782d8860,0.01328,67,3.832557633487994,0.0,0.0,1.079,131,32,36,False
0x2c1cb163a00733cf773b828a77ea347cb0fc91b4,0.2506,67,7.218544889484173,0.0,0.0,0.016,382,3,2,False
0x9d9bf4da1c024f1a2f9f12e5deb1424e8a5fdf31,0.0,57,56.381154458464536,56.381154458464536,100.0,0.042,320,8,5,True
0xb5c6d75678927ddf54b2ea25b87ba5f3588b23cc,0.02575,16,62.59114813234455,161.9087920225927,100.0,0.095,502,21,22,True
0xc9b686049045bc5db166f390c04d7eba1e496cbd,0.00461,17,5.188878620114043,5.188878620114043,100.0,0.088,368,14,14,False
0x73f70f60ebf933fcc43f2619cfb785e8e00f70fd,0.00194,67,13.263992170237318,10.25,77.28,0.121,363,19,18,False
0x62ace6e511476adcc8635b92e457f604bd22ad32,0.02998,67,11.074880271720351,0.0,0.0,1.031,321,49,51,True
0xbcd678e062df8b5bb656acbfabbafdc04e26f515,0.14686,12,9.352029650551478,21.99153235088736,100.0,1.613,155,42,58,False
0xbc32be4d2c70239b59435a5963e5024637fa193e,0.0013,67,17.454623878977422,1.1,6.3,5.556,210,48,52,False
0x5788bfa62cbcbe86bf27f2e894ff3a2f4730a375,0.00063,67,24.474884714773463,2.0,8.17,0.34,362,45,55,False
0xdccb3b984c89f97afd551bede081f72e5c50c223,0.0,5,239.33992974515843,1016.2,100.0,0.028,311,2,5,True
0xaeb16a2429d4c714d7eac724802d2fad6779f8e1,0.00173,14,13.539008030417463,14.8,100.0,0.68,363,40,60,False
0x1e3592bb969da91ea19825cf822e856b5dc16cb8,0.0,67,4.667346268823367,0.0,0.0,0.021,357,2,4,False
0xa9d69532780079a2ae330039092bc0efe58ea43d,0.00117,67,3.1382339282857523,0.0,0.0,1.143,117,25,31,False
0xb676d46cd50ab74fcae3c3a0d5f28ab174deda1c,0.0016,67,6.795600382363514,0.0,0.0,2.5,140,48,52,False
0x30f906b9660b1e5eafdd1f505c190cdeffcbea70,0.00871,67,2.849955979580092,0.0,0.0,0.028,321,3,4,True
0xf2b203a14ce6d6bd07f3b04e8efbae0a814542c2,0.00045,67,6.231352140899283,0.0,0.0,0.042,494,8,10,True
0xfbabd7a2f65e7efd4e7e9fa4485acc3c9cac27ad,0.09984,67,19.1967379495421,0.0,0.0,0.184,480,30,46,False
0x742e332094eb784f0a4b3e9b7e2b22fcd3c1bd41,0.0,36,3.398419576183833,3.399018530194408,100.0,0.756,114,30,32,False
0xc92c4df3dd076d3ef60f2c6c533ee16616f4d8a5,0.02389,67,16.75447467596911,0.0,0.0,0.606,322,44,56,True
0xfd91ee042a84f4fc6210a053e0a48c885f0cb612,0.0003,0,4.631345315441852,4.78,100.0,0.65,205,42,47,False
0x64ce34588493ae2db24b8e46f46e5a00ad72d7dd,0.00389,67,12.633118531890997,0.0,0.0,0.188,516,44,51,True
0x842790d568ec2facd13fec8978e40cc348bff2b7,0.00256,67,3.884545839218548,0.0,0.0,0.245,252,18,27,False
0x5d4076bb7b810979964441d3bfaab4f140593c1d,0.00352,67,4.147763327035438,0.0,0.0,0.343,113,17,19,False
0xe6cf938f6d3427fc775be63adefbc0e65b0d3524,0.09001,67,9.020590268517427,0.0,0.0,0.14,354,19,23,False
0x3600e1f39629965ef98512710cbf853a10d9a018,0.02714,67,2.7200778082191786,0.0,0.0,0.2,273,19,22,False
0x301a4125ae628984fa2b419ee8fb527a4873312e,0.01575,67,3.5935030760566407,0.0,0.0,0.012,319,1,2,True
0xe1a84e1ba38b0167c57566bd2d8508c631453cca,0.00207,67,7.601670748488843,0.0,0.0,0.388,225,38,45,False
0x90344ada7d476b3fd7b4d5590ce78115af112ed9,0.0061,67,31.80475432330022,0.0,0.0,0.11,358,15,17,False
0x58cc24a63fe10f8b19d4c088865bd60b300d423c,0.00431,0,11.76762570282717,11.76762570282717,100.0,0.595,349,44,56,False
0xcad7ab651b2a24f42a73bf28a0c8471e159ef247,0.01142,17,3.942596544500163,3.942596544500163,100.0,0.012,377,1,3,False
0xd29463268153f3988c251bf4ce6e2ff94a15a653,0.03282,0,388.3375621496176,388.3375621496176,100.0,0.091,322,5,18,True
0x47efbe672fa919360c4a2462e1b3063d8bf5f6ff,0.0002,67,4.365385513980858,0.0,0.0,0.514,210,36,37,False
0x39ee643b07049bc38baf255343ddf0ac397b9bc6,0.0048,67,2.8251633774505533,0.0,0.0,0.345,158,23,28,False
0x1aaddd074faf38a06633ee89c23edb56c8754a9a,0.0182,67,5.481982575616439,0.0,0.0,0.208,260,20,20,False
0xe65dd5d5631c354ab2cfe2a47c79655e68d6bf27,0.44058,67,3.522642114625037,0.0,0.0,0.172,424,31,43,True
0x25f9278827072c1f3e66bb115acecb35ee33da12,0.0838,67,29.29081659080107,1.0,3.41,0.595,376,46,54,False
0x70c5d4f21afe1ff1eae13b6c9a387147c8770c15,0.00551,67,3.0347296152043537,3.034,99.98,0.534,128,32,31,False
0x1f1cee9a3888530811de52c15142ce382067cd6c,0.07965,1,5.643848652507309,349.0,100.0,6.667,180,9,91,False
0xf3148f8f0286ddf2594b70fa44695fe085075bcd,0.01635,67,6.470175219229761,0.0,0.0,0.233,517,35,65,False
0x714ce7256b45830ff8c1586811ec1a34b1ed635d,0.01612,67,10.605973314234763,0.0,0.0,0.201,452,39,38,True
0x3b1f17e6aac82b535488121980e8ded682b8ac96,0.0085,47,51.208589762866005,51.6190156957464,100.0,0.3,522,51,49,True
0x34933243447fb8fda657ca87ef20da61d205947f,0.0,1,2.8432477274597834,2.8432503997088587,100.0,1.325,106,26,27,False
0x973326e90633372ee26fd4ddbb92ba946f8598c1,0.00617,67,3.026246219522419,0.0,0.0,1.028,139,35,38,False
0x21ec47ccf483d02f31112ba5819b7661cc1db6b6,0.00026,67,2.8723096217245776,2.872,99.99,0.523,198,31,38,False
0x5853fbc20d114f896eeb9c36290046ce4581f0c8,0.00315,1,7.102740325016421,10.539610254325869,100.0,0.699,213,42,58,False
0x674acdd262dfa858e087ff979057d8a028e366b7,0.00344,67,4.201250461950694,0.0,0.0,0.748,158,46,52,False
0x1ad438c34e2862d146aec044d27e062dbafa0cad,0.01881,67,4.883712340390245,0.0,0.0,2.0,252,48,52,False
0x1e15f0cfb05379781270411fb8cb01afc07c4ec8,0.00013,67,3.2202608586653656,0.0,0.0,0.447,200,26,33,False
0x2bd9fc558c139837bcc6a713339ab6419f40e2b9,0.00015,67,3.1474288723800465,0.0,0.0,1.107,125,31,31,False
0x0251febe6b9462f2f916658dfb43444aa6109dab,0.002,67,4.567793111866061,0.0,0.0,0.143,68,0,2,False
0x80ead07805b746cd3c8aef2d51b48d122ce95cfc,0.03023,67,18.69328898375047,16.0,85.59,5.263,179,43,57,False
0x07e23cb23f0640f176c9348639f4876c41b49845,2e-05,21,56.20982986790495,56.20982986790495,100.0,0.026,314,3,4,True
0x855e8420cec9dbd996f61722e61746eb55a86d4b,0.01051,67,3.8058798964203535,0.0,0.0,0.548,161,25,26,False
0xecca4bf7ad496385d5abbc5c61237764e9317a3d,0.00028,0,6.369619600187973,6.369619600187973,100.0,0.693,208,47,50,False
0x8aea95ae0e19f63b44e2af7382e3859520e48639,0.00018,9,13.684944840737892,13.684944840737892,100.0,0.03,321,4,4,True
0x5c4a86a8baf137f3448182e976cda1986e460437,0.04655,9,3.1320142186946507,3.1320142186946507,100.0,0.178,489,39,40,True
0x55186f6060e959ec77141168213bda88d4da7cee,0.03439,16,6.385258609471645,6.385258609471645,100.0,7.692,164,51,49,False
0x848936ee37e40f3334e9349fa1fc45ca38c8486a,0.00528,67,5.034370471584421,0.0,0.0,0.289,272,30,29,False
0x6d6ffedd0a473fbc6893c91fd3e0d5d6aac5839d,5e-05,5,18.50147705013429,135.18213649272636,100.0,0.263,322,31,37,True
0x65f0002a69e9ab594af89a85ccb8f706fd08b371,0.00049,67,6.635835487890891,0.0,0.0,0.626,158,28,29,False
0xfe037d82b2908549ae2c5db16560362a3720f042,0.01749,67,65.6625602949278,30.0,45.69,0.222,412,42,50,True
0xefdab5f5f6a01df62d483e587f627cea024118a4,0.00484,16,8.775150670842784,8.888509317733735,100.0,0.133,383,21,23,False
0x2f71f3aee346a854dece475621d11e67971c0d03,0.00051,61,6.446269052359821,11.446795513620357,100.0,2.941,139,50,50,False
0xdd19dcf8d65128e8552af880e5033e306798697b,0.00607,67,50.45344225690293,50.0,99.1,0.769,387,49,51,False
0x755611e1054ae245b5d46f7c1abe74dba60242d9,0.00446,67,4.699778716717279,0.0,0.0,1.149,100,25,29,False
0x323153becf0837147573bdec0108c9cac3465cc4,0.00137,67,12.59107509407366,0.0,0.0,16.667,144,49,51,False
0x8243f6ff32f7e80e8f67aa9e5851f14a91b432ba,0.00187,16,8.286175809008043,10.218264647281796,100.0,0.278,295,38,39,False
0x0235396f240308d73d04f09f0b4a1553229048f7,0.00172,67,20.219668819595363,18.0,89.02,0.262,433,51,49,True
0xb154af72c7f5760a92c46193aeb24ff8ddd64488,0.10768,3,15.41563108748636,19909.0,100.0,0.98,230,41,59,False
0xb6baf3873f7636fcaa9a1a2eba28e210762b83f0,0.002,41,3.0380224466443004,3.0380224466443004,100.0,0.5,153,33,39,False
0x98db671cd9cfa6bd06b68fb5cd3434deb3f17077,0.054,67,3.0784496231333813,0.0,0.0,0.909,123,24,26,False
0x1d2f151766322aaec7171c0a367ab689830ccfbc,0.00049,0,66.15629548306062,68.16045910616437,100.0,0.339,482,55,45,True
0xa2b1e3cd94110c8cb3884e478351a34b816ee588,0.00574,67,3.927186991489631,3.926,99.97,0.548,127,31,32,False
0x7f98508c0f20e740eeecd9d286210b0ef51bff8a,0.03053,67,3.082247146546504,0.0,0.0,0.126,517,26,34,False
0x423a9cf250327a6031b68288fb15fb2dbc0f3a68,0.00648,67,42.2846966009956,0.0,0.0,1.19,401,56,44,False
0x18d348986371cff3e6643e3e98d7f8ed533f4792,0.03198,31,467.33221915775806,1540.3677223802283,100.0,0.329,319,52,48,True
0xa29b1baf1135e7f279a31e98a02225289f8c7e28,0.00951,31,42.083713797315546,47.961187818918354,100.0,0.061,478,13,14,True
0x63cc39b9e80313affcfd878a0a89b6c91b762785,0.00101,16,4.3559888113620175,4.372596424430903,100.0,0.21,333,27,32,True
0xc179b01358254ec9fc1548a2e8bf7f1196ef13c6,0.00574,35,3.604349685303925,4.604349685303925,100.0,0.165,221,14,17,False
0x75d520520c25219b181bf07fadfbfd21fb510d42,0.00515,17,8.577781705626647,8.577781705626647,100.0,0.108,383,16,20,False
0x7c7ebce931c567886e3ac4aac68849a482e8313d,2e-05,11,7.681210632948818,7.681210632948818,100.0,0.092,322,12,13,False
0x3337a0348946de63f0e9b24aa1e8a5304faea23c,0.00028,67,4.619310404486673,0.0,0.0,1.695,186,46,54,False
0x40e3cbfdc0f862d585d359efcd4b6de696b8404c,0.00074,16,5.931668331025325,6.0,100.0,1.754,168,50,50,False
0x502e77fc0d9a0bda8cc4c36c5f45d67632442a2f,0.00101,9,13.15995979620265,13.1599,100.0,0.408,373,46,54,False
0x02f85421dc11dd6979a59a85e5f4dc261d34c9a5,0.0016,67,4.853543922907598,0.0,0.0,1.01,149,44,56,False
0x5a6e9f6230e120df06114cb363d56c55a9d25023,5e-05,0,22.28330955027425,22.284,100.0,0.085,186,4,6,False
0x6d0cecf442ad3aa5292c09e5843a7abc387a8744,0.00352,67,3.080357537330991,0.0,0.0,0.077,146,2,4,False
0x3e0615f8c5fb49ad09288437a435471b119566c1,0.05064,67,1793.3850827372232,0.0,0.0,1.124,516,46,54,True
0x8d91b02dd7ced29fbd955eb7c53aed5ac77f1d23,0.019,67,6.831638483785845,0.0,0.0,0.694,187,43,57,False
0x1b55348c5b5c44c3912b3e306096f0d69bf85c6e,0.03166,0,160.79606609640086,471.1438707748976,100.0,0.203,427,30,58,True
0xe4f137f922bbdcd923cbb055e5c3d470387fa2a2,0.006,67,7.011062390343755,0.0,0.0,0.018,514,3,5,True
0xacf8293ffb700d9698e0be924b4bbade9e2849d4,0.02221,67,5.643397366000366,0.0,0.0,0.124,412,23,28,False
0x0f854a7eb6bca6127281e3e7901ee6dc0dd026b6,0.11866,46,72.51449037592037,88.50716130672701,100.0,0.508,518,48,52,True
0x81d6163ca773e3f424b110fd714f694fb0c67064,0.00363,67,116.54794574209028,116.0,99.53,2.857,367,49,51,False
0xcad6a1aec158d336b68214017cab0fa880e3f584,0.03052,67,4.356613797219965,0.0,0.0,0.312,257,28,31,False
0xf04578e34d43f992a7b750817565d6e6d348fa5f,0.00514,22,3.318844506352416,3.467,100.0,0.289,182,23,27,False
0x7186ce946a1bc87680ff0ed8e5d684ad27b3734d,0.1818,67,119.53709244667246,0.0,0.0,0.068,521,15,16,True
0x014c018413a13ac521fbc77045d13c5c933493f4,0.0003,67,5.083838296685296,0.0,0.0,1.724,186,46,54,False
0xef7d9be5a88af3c6bc4d87606b2747695485e50e,0.62709,67,37.93677354941878,0.0,0.0,0.439,517,34,66,True
0xf3b010cea450bf858060bca9d83af26da0d2a1ac,0.00087,67,4.262548124611722,0.600999994,14.1,0.18,473,41,45,False
0x45b14b5d5c536c3faba451a1ba53387dcddfcf2f,2.77288,67,22.019553498583072,0.0,0.0,0.565,520,40,60,True
0xe8674c38ede66fdf2413bed85d4f9ef8ffa890f9,0.03387,2,8.287796751205983,10.0,100.0,1.923,151,42,58,False
0x9cdb2f43519d94ec8dda3a6f1b7620ee99724414,0.0,67,4.611204771299685,0.0,0.0,1.724,97,25,25,False
0x1b0a404516feb5936afba5f2b4c40b90946e77eb,0.00061,67,155.8334830399224,0.0,0.0,0.184,402,33,34,True
0x8235ca0f325f46114a67e22624b18bb7ff97e379,0.00653,67,3.475140612988194,0.0,0.0,0.335,189,29,31,False
0xaa3cbf7f204e7268db0e6c7593700e98b565bb11,0.00339,67,49.80015903915951,0.0,0.0,0.181,322,18,28,False
0xd9905b5f454c4437cf7622380794d0d942c49830,0.00566,67,3.1908450618875803,0.0,0.0,0.591,114,32,36,False
0x2eb38601fb19497558c4a9aacf48035d228f90b0,0.08615,67,180.41140226458973,42.75739901113036,23.7,2.941,356,49,51,True
0x833ce3b20a69bfad4e112417957b56c3f3555ff3,3e-05,0,2.8278483384125974,2.8278483384125974,100.0,0.351,181,27,27,False
0x96ab32a19016a6d6a95bd4576b7f17f86f28a2b6,0.11628,14,551.8104679239472,1200.0,100.0,0.137,334,22,23,True
0x0104db1cc2492cead7e7a9c93eea40b1be3db56b,0.05562,67,13.29491441832491,0.0,0.0,0.538,302,47,53,False
0x20f2e8650e1a48b6c3aeedc06cf37da55f44c634,0.00249,67,6.148844514480402,0.0,0.0,0.405,203,31,35,False
0x2a26d0f54987989e0609bbd1e4c1cf4c9aa5933f,0.00306,0,76.83768586853954,94.0,100.0,0.331,496,48,52,True
0x679a63b9227f901c52eed6b27a390fe61d4bae0b,0.00585,0,22.230283468641296,25.0,100.0,0.14,398,19,34,True
0x883de328a01cefcfc8e22d0b692ff6ec344ef665,0.0002,12,3.107550822942116,3.107550822942116,100.0,0.437,206,31,35,False
0x32ab5272aa86ea822aad422e587dde0e1b5c8a3d,0.05689,67,9.867491698986932,0.0,0.0,0.037,522,9,8,True
0x0247eb3d8e69e8f930ebd634bec77e4c8dad7277,0.00086,67,28.48520718440809,0.0,0.0,33.333,174,47,53,False
0x676eb0dc5644dbcb2c37849ad76432a73af0b582,0.30593,67,318.5287953300593,0.0,0.0,0.191,320,21,32,True
0x0d569035c19f7431e668d9bae753ea036abd4571,0.01252,67,3.4336459272940427,0.0,0.0,0.955,140,40,45,False
0x64b79ab0ac838c6cd5e033d9a6d3db30749c2ed6,1.06576,67,6.364053742414331,0.0,0.0,0.187,458,21,52,False
0xb451f08f6ddfb7418d318919d80cf1fe099ee1d3,0.00283,67,3.357107619972417,0.0,0.0,1.703,105,29,34,False
0x96e0c37410b66198478113c275a77edf9f352e58,0.00176,67,5.209554356190258,0.0,0.0,1.471,102,23,27,False
0x97dcb93ca62edc89de445fd4f1e97bf8e4599b41,0.00762,8,7.270585565691846,9.0,100.0,1.389,198,47,53,False
0x7f463290f429118add2f8d7df4c41485916f3be4,0.00055,0,21.124799278730592,21.38779341266468,100.0,0.231,392,42,33,True
0x38b275ff54132c320a88d134e8d84a9ed5191fa6,0.11656,2,3.15349825895553,86.54417211678668,100.0,0.258,305,35,40,False
0x907a4b6c43c99740502100323a264b4747f7a112,0.00097,5,29.25746828019825,29.25746828019825,100.0,0.016,443,3,3,True
0xee84601504d15bddd51923193e86b8975169d3ec,0.01299,67,3.426241852023638,0.0,0.0,1.652,114,33,43,False
0x7ebc64527a9675c9a398e739d208f0e9517cbf6c,0.00018,0,242.5625621303292,242.5625621303292,100.0,0.279,521,50,50,True
0x032df2ba9ea91a8e0903b11990aa9fc397af317d,0.00426,67,3.210057419339778,0.0,0.0,0.604,102,29,32,False
0xa05d26696fa02a9bea4809cb0bd66dd474fa3343,0.00422,67,31.79657073804871,5.6,17.61,5.556,167,48,52,False
0x3b59e42d9f33906ff58813f9bb8be58b185d22f2,0.07656,67,53.54797910308523,0.0,0.0,0.559,382,45,55,True
0x7dfa59168492aa2c8b640b43b4afeaff2e60e25b,3e-05,67,3.943605993537874,0.0,0.0,1.304,137,39,51,False
0x209a835915f8c1ee6c7e4c038367ff83fddfa300,0.00101,15,3.46598551741453,3.478700581587516,100.0,1.191,99,26,30,False
0x959f997b612950a12bdb42f3a9c6fa59591e6622,0.00271,67,10.461219854869356,31.0,100.0,1.316,179,49,51,False
0xfff6c5018cd0e0f2bac6b49cf78253985c2328ee,0.0,67,4.209893066360305,0.0,0.0,0.059,522,14,13,True
0x43f0fc093308286a3fe3ec8ca07abcc65735f192,0.00108,67,6.388772931679042,0.0,0.0,33.333,128,49,51,False
0x7fa2a91db6300f58e40eaddc11caed1ffe2b8e6d,0.09918,67,122.05727743320196,0.0,0.0,0.082,521,18,19,True
0xb0dc7c534f860af3a8e0f8ade4b6f9375a3f1c59,0.00183,67,5.027770566744223,0.1,1.99,0.671,170,46,54,False
0xdbad6eb198299314c873d7f6bbb0508233cc0442,0.00934,67,14.501020556323509,10.02,69.1,2.381,235,48,52,False
0xd30fdad2723df1bb52c361a4f3e4e360ac6c6896,2e-05,67,4.350737849307254,2.1101131227478267,48.5,0.756,146,31,37,False
0xe0ba7081cdcb4c5ba05496bd6a63824740b786fe,0.01094,67,4.912898736721638,4.0,81.42,0.169,207,17,19,False
0x260fa1a56e4c7b8c8844b12ab5be7738a939c821,0.00193,40,3.0593099864220417,3.059311040449848,100.0,0.7,98,25,24,False
0x354d3f45d478a4419bba72cf4f239d0b8896d7c6,0.00133,67,3.111682939256373,0.0,0.0,1.0,68,0,1,False
0xb81e88279f3208001aeda20689d3e5d818758dbf,1.28103,67,5.472515660642648,0.0,0.0,0.377,357,38,62,True
0x482c96b007ea453cb55a3dc11ceb8830e18f0639,0.00102,67,4.488920833350599,0.0,0.0,0.049,322,5,8,True
0x043ae20844648f227394e3a0d3bc6b588e0051ef,0.01376,67,2.925242716504311,0.0,0.0,0.323,206,30,33,False
0x4269c2b6424fc83e1669ae50f5fdd5b7febc9404,0.00147,0,17.39585969716938,17.39585969716938,100.0,0.333,322,41,55,True
0x1f0302ca9437e48549b8269fff7cc3f86c70cb26,0.01279,67,207.777574222646,0.0,0.0,0.142,497,25,36,True
0x5df363f2a9ec93397a04990c18f9c7c519b227e5,0.05751,67,5.367111385783016,0.0,0.0,0.427,301,47,53,False
0x5122b4d90185958faa110a3a02b647c755b977fd,0.01821,0,51.93009337784289,51.93009337784289,100.0,0.585,517,34,66,True
0x3f4d46b02e9d154b5ce0986d3283185e8322643f,0.00203,40,6.057804886594557,8.055370332233426,100.0,0.539,95,23,25,False
0x87540f12f4956050856390916ada45ee0e351a2d,0.0,67,4.87545087856191,0.0,0.0,0.724,156,30,33,False
0x154fc3b02b7ced710bfa5e4e70b513d058927845,0.00712,67,7.512749246273836,7.13,94.91,0.082,408,14,20,True
0x0900a13fb9382c6668a74500ccce70eb96385e0c,0.01334,67,7.566410196061487,0.0,0.0,0.174,91,0,4,True
0xefa845164e612fe623ac21380afc8ec78f22e3c3,0.96049,67,28.940321093813218,2.0,6.91,2.381,247,48,52,False
0xfb4d558e2112517cdeb8892138b1be63b2e8b3a2,0.00357,67,6.729417354355975,0.0,0.0,1.724,95,46,54,False
0x05ef1debaa5933b088473d5c9bce188e5977c798,0.00401,5,18.82955870352503,118.2,100.0,0.227,433,43,47,True
0xaf51fb34e429445162fdf303758df76a2c5f0470,2e-05,67,4.905235692563911,4.9,99.89,0.043,164,3,3,False
0x773dbd285831ed170857adec5a733d13c8d5c9d8,0.00531,22,4.244959159605121,4.4,100.0,0.309,188,25,31,False
0x59cd5156888ae3451941a9c006303e0e79ec13e7,0.02746,6,17.388445753206504,62.9949147729089,100.0,1.176,320,41,59,False
0x9a46bc0766fb8d47a7347d7cdded65d3ef0334b9,0.00094,67,4.203946255392467,0.0,0.0,1.079,144,40,42,False
0xdbeebf82930598eea207945aba0a7999e7be27af,0.00035,67,3.462338890707427,0.0,0.0,0.627,163,33,36,False
0xb99f106d1abf810dac998baa7c9d9d1077c7c899,0.00017,67,12.15293235618107,0.0,0.0,5.556,191,45,55,False
0x843633491cc2dff1026fb620a919f45628805d80,1e-05,67,2.87562805664004,0.0,0.0,0.812,132,24,28,False
0x35853bb92a62af24c6cf9a3689fd1de3a27fe3d7,0.00743,67,16.443172028173652,0.0,0.0,0.192,515,37,49,False
0x4e7f7e60a7e0eee7c4811369d3e07bcaf19b7819,3e-05,23,3.045130173585774,3.045130173585774,100.0,0.051,361,8,8,False
0xe4122bb49a45a2249cb556c28b957650b0a3af5c,0.0004,67,3.448383444153203,0.0,0.0,1.5,100,23,25,False
0xe5c6145300224e20b30910e6721ca66ed13eba04,0.00798,26,3.672996068974172,3.87,100.0,0.661,113,36,36,False
0xefb2c01df13207e2e4e366730505a58dd8aa185b,0.00407,59,3.437148210492504,4.04715266844378,100.0,0.696,100,32,32,False
0xcbdabe875a661cc0b70a55bcf6289b382ed7b3ee,0.00094,37,4.548855606838703,4.548882493827538,100.0,0.762,94,24,24,False